[2025-10-12 20:52:33,566] INFO - SleepScienceViewer - Signal 1 combo box changed to SaO2
[2025-10-12 20:52:33,567] INFO - SleepScienceViewer - Signal 2 combo box changed to PR
[2025-10-12 20:52:33,580] INFO - EdfFileClass - plot_signal_segment: parent widget found
[2025-10-12 20:52:33,580] INFO - SleepScienceViewer - Signal 2 combo box changed to PR
[2025-10-12 20:52:33,580] INFO - SleepScienceViewer - Signal 3 combo box changed to EEG(sec)
[2025-10-12 20:52:33,593] INFO - EdfFileClass - plot_signal_segment: parent widget found
[2025-10-12 20:52:33,593] INFO - SleepScienceViewer - Signal 3 combo box changed to EEG(sec)
[2025-10-12 20:52:33,593] INFO - SleepScienceViewer - Signal 4 combo box changed to ECG
[2025-10-12 20:52:33,606] INFO - EdfFileClass - plot_signal_segment: parent widget found
[2025-10-12 20:52:33,606] INFO - SleepScienceViewer - Signal 4 combo box changed to ECG
[2025-10-12 20:52:33,606] INFO - SleepScienceViewer - Signal 5 combo box changed to EMG
[2025-10-12 20:52:33,619] INFO - EdfFileClass - plot_signal_segment: parent widget found
[2025-10-12 20:52:33,620] INFO - SleepScienceViewer - Signal 5 combo box changed to EMG
[2025-10-12 20:52:33,620] INFO - SleepScienceViewer - Signal 6 combo box changed to EOG(L)
[2025-10-12 20:52:33,632] INFO - EdfFileClass - plot_signal_segment: parent widget found
[2025-10-12 20:52:33,633] INFO - SleepScienceViewer - Signal 6 combo box changed to EOG(L)
[2025-10-12 20:52:33,633] INFO - SleepScienceViewer - Signal 7 combo box changed to EOG(R)
[2025-10-12 20:52:33,645] INFO - EdfFileClass - plot_signal_segment: parent widget found
[2025-10-12 20:52:33,645] INFO - SleepScienceViewer - Signal 7 combo box changed to EOG(R)
[2025-10-12 20:52:33,645] INFO - SleepScienceViewer - Signal 8 combo box changed to EEG
[2025-10-12 20:52:33,697] INFO - EdfFileClass - plot_signal_segment: parent widget found
[2025-10-12 20:52:33,697] INFO - SleepScienceViewer - Signal 8 combo box changed to EEG
[2025-10-12 20:52:33,697] INFO - SleepScienceViewer - Signal 9 combo box changed to AIRFLOW
[2025-10-12 20:52:33,711] INFO - EdfFileClass - plot_signal_segment: parent widget found
[2025-10-12 20:52:33,711] INFO - SleepScienceViewer - Signal 9 combo box changed to AIRFLOW
[2025-10-12 20:52:33,712] INFO - SleepScienceViewer - Signal 10 combo box changed to THOR RES
[2025-10-12 20:52:33,724] INFO - EdfFileClass - plot_signal_segment: parent widget found
[2025-10-12 20:52:33,724] INFO - SleepScienceViewer - Signal 10 combo box changed to THOR RES
[2025-10-12 20:52:33,725] INFO - EdfFileClass - EDF Signal - plot_signal_segment: Signal key is empty. Plotting with a generated signal of zeros.
[2025-10-12 20:52:33,738] INFO - EdfFileClass - plot_signal_segment: parent widget found
[2025-10-12 20:52:34,254] INFO - SleepScienceViewer - Preparing to loading annotation file.
[2025-10-12 20:52:36,038] INFO - root - Initializing SleepStagesClass: epoch30.0, num of stages 1195
[2025-10-12 20:52:36,055] INFO - SleepScienceViewer - Loaded XML: /home/dennis/PycharmProjects/SleepScienceViewer4/Test Data/learn-nsrr02-profusion.xml
[2025-10-12 20:52:36,311] INFO - SleepScienceViewer - Annotation file loaded /home/dennis/PycharmProjects/SleepScienceViewer4/Test Data/learn-nsrr02-profusion.xml
[2025-10-12 20:52:36,311] INFO - SleepScienceViewer - Checking if EDF and Annotation files names are aligned: text distance (10), subset = True, learn-nsrr02, learn-nsrr02-profusion
[2025-10-12 20:52:38,564] INFO - SleepScienceViewer - Opening signal viewer
[2025-10-12 20:52:38,575] INFO - SpectralWindowClass - Preparing setting options
[2025-10-12 20:52:38,577] INFO - SleepScienceViewer - Loading spectral viewer in independent  mode
[2025-10-12 21:12:48,314] INFO - EdfFileClass - Loading complete EDF file: /home/dennis/PycharmProjects/SleepScienceViewer4/Test Data/learn-nsrr02.edf
[2025-10-12 21:12:48,612] INFO - SleepScienceViewer - Loaded EDF: /home/dennis/PycharmProjects/SleepScienceViewer4/Test Data/learn-nsrr02.edf
[2025-10-12 21:12:48,616] INFO - SleepScienceViewer - Signal 1 combo box changed to SaO2
[2025-10-12 21:12:48,634] INFO - EdfFileClass - plot_signal_segment: parent widget found
[2025-10-12 21:12:48,635] INFO - SleepScienceViewer - Signal 1 combo box changed to SaO2
[2025-10-12 21:12:48,635] INFO - SleepScienceViewer - Signal 2 combo box changed to PR
[2025-10-12 21:12:48,648] INFO - EdfFileClass - plot_signal_segment: parent widget found
[2025-10-12 21:12:48,648] INFO - SleepScienceViewer - Signal 2 combo box changed to PR
[2025-10-12 21:12:48,648] INFO - SleepScienceViewer - Signal 3 combo box changed to EEG(sec)
[2025-10-12 21:12:48,661] INFO - EdfFileClass - plot_signal_segment: parent widget found
[2025-10-12 21:12:48,661] INFO - SleepScienceViewer - Signal 3 combo box changed to EEG(sec)
[2025-10-12 21:12:48,661] INFO - SleepScienceViewer - Signal 4 combo box changed to ECG
[2025-10-12 21:12:48,674] INFO - EdfFileClass - plot_signal_segment: parent widget found
[2025-10-12 21:12:48,675] INFO - SleepScienceViewer - Signal 4 combo box changed to ECG
[2025-10-12 21:12:48,675] INFO - SleepScienceViewer - Signal 5 combo box changed to EMG
[2025-10-12 21:12:48,688] INFO - EdfFileClass - plot_signal_segment: parent widget found
[2025-10-12 21:12:48,688] INFO - SleepScienceViewer - Signal 5 combo box changed to EMG
[2025-10-12 21:12:48,688] INFO - SleepScienceViewer - Signal 6 combo box changed to EOG(L)
[2025-10-12 21:12:48,700] INFO - EdfFileClass - plot_signal_segment: parent widget found
[2025-10-12 21:12:48,701] INFO - SleepScienceViewer - Signal 6 combo box changed to EOG(L)
[2025-10-12 21:12:48,701] INFO - SleepScienceViewer - Signal 7 combo box changed to EOG(R)
[2025-10-12 21:12:48,713] INFO - EdfFileClass - plot_signal_segment: parent widget found
[2025-10-12 21:12:48,714] INFO - SleepScienceViewer - Signal 7 combo box changed to EOG(R)
[2025-10-12 21:12:48,714] INFO - SleepScienceViewer - Signal 8 combo box changed to EEG
[2025-10-12 21:12:48,764] INFO - EdfFileClass - plot_signal_segment: parent widget found
[2025-10-12 21:12:48,764] INFO - SleepScienceViewer - Signal 8 combo box changed to EEG
[2025-10-12 21:12:48,764] INFO - SleepScienceViewer - Signal 9 combo box changed to AIRFLOW
[2025-10-12 21:12:48,777] INFO - EdfFileClass - plot_signal_segment: parent widget found
[2025-10-12 21:12:48,778] INFO - SleepScienceViewer - Signal 9 combo box changed to AIRFLOW
[2025-10-12 21:12:48,778] INFO - SleepScienceViewer - Signal 10 combo box changed to THOR RES
[2025-10-12 21:12:48,791] INFO - EdfFileClass - plot_signal_segment: parent widget found
[2025-10-12 21:12:48,791] INFO - SleepScienceViewer - Signal 10 combo box changed to THOR RES
[2025-10-12 21:12:48,791] INFO - EdfFileClass - EDF Signal - plot_signal_segment: Signal key is empty. Plotting with a generated signal of zeros.
[2025-10-12 21:12:48,804] INFO - EdfFileClass - plot_signal_segment: parent widget found
[2025-10-12 21:12:49,571] INFO - SleepScienceViewer - Preparing to loading annotation file.
[2025-10-12 21:12:51,786] INFO - root - Initializing SleepStagesClass: epoch30.0, num of stages 1195
[2025-10-12 21:12:51,792] INFO - SleepScienceViewer - Loaded XML: /home/dennis/PycharmProjects/SleepScienceViewer4/Test Data/learn-nsrr02-profusion.xml
[2025-10-12 21:12:52,060] INFO - SleepScienceViewer - Annotation file loaded /home/dennis/PycharmProjects/SleepScienceViewer4/Test Data/learn-nsrr02-profusion.xml
[2025-10-12 21:12:52,060] INFO - SleepScienceViewer - Checking if EDF and Annotation files names are aligned: text distance (10), subset = True, learn-nsrr02, learn-nsrr02-profusion
[2025-10-12 21:12:55,387] INFO - SleepScienceViewer - Opening signal viewer
[2025-10-12 21:12:55,407] INFO - SpectralWindowClass - Preparing setting options
[2025-10-12 21:12:55,411] INFO - SleepScienceViewer - Loading spectral viewer in independent  mode
[2025-10-12 21:21:06,663] INFO - EdfFileClass - Loading complete EDF file: /home/dennis/PycharmProjects/SleepScienceViewer4/Test Data/learn-nsrr02.edf
[2025-10-12 21:21:07,013] INFO - SleepScienceViewer - Loaded EDF: /home/dennis/PycharmProjects/SleepScienceViewer4/Test Data/learn-nsrr02.edf
[2025-10-12 21:21:07,018] INFO - SleepScienceViewer - Signal 1 combo box changed to SaO2
[2025-10-12 21:21:07,036] INFO - EdfFileClass - plot_signal_segment: parent widget found
[2025-10-12 21:21:07,036] INFO - SleepScienceViewer - Signal 1 combo box changed to SaO2
[2025-10-12 21:21:07,036] INFO - SleepScienceViewer - Signal 2 combo box changed to PR
[2025-10-12 21:21:07,050] INFO - EdfFileClass - plot_signal_segment: parent widget found
[2025-10-12 21:21:07,050] INFO - SleepScienceViewer - Signal 2 combo box changed to PR
[2025-10-12 21:21:07,050] INFO - SleepScienceViewer - Signal 3 combo box changed to EEG(sec)
[2025-10-12 21:21:07,063] INFO - EdfFileClass - plot_signal_segment: parent widget found
[2025-10-12 21:21:07,063] INFO - SleepScienceViewer - Signal 3 combo box changed to EEG(sec)
[2025-10-12 21:21:07,063] INFO - SleepScienceViewer - Signal 4 combo box changed to ECG
[2025-10-12 21:21:07,076] INFO - EdfFileClass - plot_signal_segment: parent widget found
[2025-10-12 21:21:07,076] INFO - SleepScienceViewer - Signal 4 combo box changed to ECG
[2025-10-12 21:21:07,076] INFO - SleepScienceViewer - Signal 5 combo box changed to EMG
[2025-10-12 21:21:07,089] INFO - EdfFileClass - plot_signal_segment: parent widget found
[2025-10-12 21:21:07,089] INFO - SleepScienceViewer - Signal 5 combo box changed to EMG
[2025-10-12 21:21:07,090] INFO - SleepScienceViewer - Signal 6 combo box changed to EOG(L)
[2025-10-12 21:21:07,102] INFO - EdfFileClass - plot_signal_segment: parent widget found
[2025-10-12 21:21:07,103] INFO - SleepScienceViewer - Signal 6 combo box changed to EOG(L)
[2025-10-12 21:21:07,103] INFO - SleepScienceViewer - Signal 7 combo box changed to EOG(R)
[2025-10-12 21:21:07,116] INFO - EdfFileClass - plot_signal_segment: parent widget found
[2025-10-12 21:21:07,116] INFO - SleepScienceViewer - Signal 7 combo box changed to EOG(R)
[2025-10-12 21:21:07,116] INFO - SleepScienceViewer - Signal 8 combo box changed to EEG
[2025-10-12 21:21:07,166] INFO - EdfFileClass - plot_signal_segment: parent widget found
[2025-10-12 21:21:07,167] INFO - SleepScienceViewer - Signal 8 combo box changed to EEG
[2025-10-12 21:21:07,167] INFO - SleepScienceViewer - Signal 9 combo box changed to AIRFLOW
[2025-10-12 21:21:07,180] INFO - EdfFileClass - plot_signal_segment: parent widget found
[2025-10-12 21:21:07,180] INFO - SleepScienceViewer - Signal 9 combo box changed to AIRFLOW
[2025-10-12 21:21:07,180] INFO - SleepScienceViewer - Signal 10 combo box changed to THOR RES
[2025-10-12 21:21:07,193] INFO - EdfFileClass - plot_signal_segment: parent widget found
[2025-10-12 21:21:07,193] INFO - SleepScienceViewer - Signal 10 combo box changed to THOR RES
[2025-10-12 21:21:07,193] INFO - EdfFileClass - EDF Signal - plot_signal_segment: Signal key is empty. Plotting with a generated signal of zeros.
[2025-10-12 21:21:07,206] INFO - EdfFileClass - plot_signal_segment: parent widget found
[2025-10-12 21:21:07,638] INFO - SleepScienceViewer - Preparing to loading annotation file.
[2025-10-12 21:21:09,428] INFO - root - Initializing SleepStagesClass: epoch30.0, num of stages 1195
[2025-10-12 21:21:09,434] INFO - SleepScienceViewer - Loaded XML: /home/dennis/PycharmProjects/SleepScienceViewer4/Test Data/learn-nsrr02-profusion.xml
[2025-10-12 21:21:09,718] INFO - SleepScienceViewer - Annotation file loaded /home/dennis/PycharmProjects/SleepScienceViewer4/Test Data/learn-nsrr02-profusion.xml
[2025-10-12 21:21:09,718] INFO - SleepScienceViewer - Checking if EDF and Annotation files names are aligned: text distance (10), subset = True, learn-nsrr02, learn-nsrr02-profusion
[2025-10-12 21:21:14,088] INFO - SleepScienceViewer - Opening signal viewer
[2025-10-12 21:21:14,108] INFO - SpectralWindowClass - Preparing setting options
[2025-10-12 21:22:30,854] INFO - EdfFileClass - Loading complete EDF file: /home/dennis/PycharmProjects/SleepScienceViewer4/Test Data/learn-nsrr02.edf
[2025-10-12 21:22:31,140] INFO - SleepScienceViewer - Loaded EDF: /home/dennis/PycharmProjects/SleepScienceViewer4/Test Data/learn-nsrr02.edf
[2025-10-12 21:22:31,145] INFO - SleepScienceViewer - Signal 1 combo box changed to SaO2
[2025-10-12 21:22:31,162] INFO - EdfFileClass - plot_signal_segment: parent widget found
[2025-10-12 21:22:31,163] INFO - SleepScienceViewer - Signal 1 combo box changed to SaO2
[2025-10-12 21:22:31,163] INFO - SleepScienceViewer - Signal 2 combo box changed to PR
[2025-10-12 21:22:31,176] INFO - EdfFileClass - plot_signal_segment: parent widget found
[2025-10-12 21:22:31,176] INFO - SleepScienceViewer - Signal 2 combo box changed to PR
[2025-10-12 21:22:31,176] INFO - SleepScienceViewer - Signal 3 combo box changed to EEG(sec)
[2025-10-12 21:22:31,189] INFO - EdfFileClass - plot_signal_segment: parent widget found
[2025-10-12 21:22:31,189] INFO - SleepScienceViewer - Signal 3 combo box changed to EEG(sec)
[2025-10-12 21:22:31,189] INFO - SleepScienceViewer - Signal 4 combo box changed to ECG
[2025-10-12 21:22:31,202] INFO - EdfFileClass - plot_signal_segment: parent widget found
[2025-10-12 21:22:31,202] INFO - SleepScienceViewer - Signal 4 combo box changed to ECG
[2025-10-12 21:22:31,202] INFO - SleepScienceViewer - Signal 5 combo box changed to EMG
[2025-10-12 21:22:31,215] INFO - EdfFileClass - plot_signal_segment: parent widget found
[2025-10-12 21:22:31,215] INFO - SleepScienceViewer - Signal 5 combo box changed to EMG
[2025-10-12 21:22:31,216] INFO - SleepScienceViewer - Signal 6 combo box changed to EOG(L)
[2025-10-12 21:22:31,228] INFO - EdfFileClass - plot_signal_segment: parent widget found
[2025-10-12 21:22:31,228] INFO - SleepScienceViewer - Signal 6 combo box changed to EOG(L)
[2025-10-12 21:22:31,228] INFO - SleepScienceViewer - Signal 7 combo box changed to EOG(R)
[2025-10-12 21:22:31,241] INFO - EdfFileClass - plot_signal_segment: parent widget found
[2025-10-12 21:22:31,241] INFO - SleepScienceViewer - Signal 7 combo box changed to EOG(R)
[2025-10-12 21:22:31,241] INFO - SleepScienceViewer - Signal 8 combo box changed to EEG
[2025-10-12 21:22:31,289] INFO - EdfFileClass - plot_signal_segment: parent widget found
[2025-10-12 21:22:31,290] INFO - SleepScienceViewer - Signal 8 combo box changed to EEG
[2025-10-12 21:22:31,290] INFO - SleepScienceViewer - Signal 9 combo box changed to AIRFLOW
[2025-10-12 21:22:31,303] INFO - EdfFileClass - plot_signal_segment: parent widget found
[2025-10-12 21:22:31,303] INFO - SleepScienceViewer - Signal 9 combo box changed to AIRFLOW
[2025-10-12 21:22:31,303] INFO - SleepScienceViewer - Signal 10 combo box changed to THOR RES
[2025-10-12 21:22:31,316] INFO - EdfFileClass - plot_signal_segment: parent widget found
[2025-10-12 21:22:31,316] INFO - SleepScienceViewer - Signal 10 combo box changed to THOR RES
[2025-10-12 21:22:31,316] INFO - EdfFileClass - EDF Signal - plot_signal_segment: Signal key is empty. Plotting with a generated signal of zeros.
[2025-10-12 21:22:31,329] INFO - EdfFileClass - plot_signal_segment: parent widget found
[2025-10-12 21:22:31,953] INFO - SleepScienceViewer - Preparing to loading annotation file.
[2025-10-12 21:22:33,983] INFO - root - Initializing SleepStagesClass: epoch30.0, num of stages 1195
[2025-10-12 21:22:33,996] INFO - SleepScienceViewer - Loaded XML: /home/dennis/PycharmProjects/SleepScienceViewer4/Test Data/learn-nsrr02-profusion.xml
[2025-10-12 21:22:34,254] INFO - SleepScienceViewer - Annotation file loaded /home/dennis/PycharmProjects/SleepScienceViewer4/Test Data/learn-nsrr02-profusion.xml
[2025-10-12 21:22:34,254] INFO - SleepScienceViewer - Checking if EDF and Annotation files names are aligned: text distance (10), subset = True, learn-nsrr02, learn-nsrr02-profusion
[2025-10-12 21:22:36,034] INFO - SleepScienceViewer - Opening signal viewer
[2025-10-12 21:22:36,058] INFO - SpectralWindowClass - Preparing setting options
[2025-10-12 21:22:36,062] INFO - SleepScienceViewer - Loading spectral viewer in independent  mode
[2025-10-12 21:23:49,595] INFO - EdfFileClass - Loading complete EDF file: /home/dennis/PycharmProjects/SleepScienceViewer4/Test Data/learn-nsrr02.edf
[2025-10-12 21:23:49,886] INFO - SleepScienceViewer - Loaded EDF: /home/dennis/PycharmProjects/SleepScienceViewer4/Test Data/learn-nsrr02.edf
[2025-10-12 21:23:49,891] INFO - SleepScienceViewer - Signal 1 combo box changed to SaO2
[2025-10-12 21:23:49,908] INFO - EdfFileClass - plot_signal_segment: parent widget found
[2025-10-12 21:23:49,909] INFO - SleepScienceViewer - Signal 1 combo box changed to SaO2
[2025-10-12 21:23:49,909] INFO - SleepScienceViewer - Signal 2 combo box changed to PR
[2025-10-12 21:23:49,922] INFO - EdfFileClass - plot_signal_segment: parent widget found
[2025-10-12 21:23:49,922] INFO - SleepScienceViewer - Signal 2 combo box changed to PR
[2025-10-12 21:23:49,922] INFO - SleepScienceViewer - Signal 3 combo box changed to EEG(sec)
[2025-10-12 21:23:49,935] INFO - EdfFileClass - plot_signal_segment: parent widget found
[2025-10-12 21:23:49,935] INFO - SleepScienceViewer - Signal 3 combo box changed to EEG(sec)
[2025-10-12 21:23:49,935] INFO - SleepScienceViewer - Signal 4 combo box changed to ECG
[2025-10-12 21:23:49,949] INFO - EdfFileClass - plot_signal_segment: parent widget found
[2025-10-12 21:23:49,949] INFO - SleepScienceViewer - Signal 4 combo box changed to ECG
[2025-10-12 21:23:49,949] INFO - SleepScienceViewer - Signal 5 combo box changed to EMG
[2025-10-12 21:23:49,962] INFO - EdfFileClass - plot_signal_segment: parent widget found
[2025-10-12 21:23:49,962] INFO - SleepScienceViewer - Signal 5 combo box changed to EMG
[2025-10-12 21:23:49,962] INFO - SleepScienceViewer - Signal 6 combo box changed to EOG(L)
[2025-10-12 21:23:49,975] INFO - EdfFileClass - plot_signal_segment: parent widget found
[2025-10-12 21:23:49,975] INFO - SleepScienceViewer - Signal 6 combo box changed to EOG(L)
[2025-10-12 21:23:49,975] INFO - SleepScienceViewer - Signal 7 combo box changed to EOG(R)
[2025-10-12 21:23:49,988] INFO - EdfFileClass - plot_signal_segment: parent widget found
[2025-10-12 21:23:49,988] INFO - SleepScienceViewer - Signal 7 combo box changed to EOG(R)
[2025-10-12 21:23:49,988] INFO - SleepScienceViewer - Signal 8 combo box changed to EEG
[2025-10-12 21:23:50,038] INFO - EdfFileClass - plot_signal_segment: parent widget found
[2025-10-12 21:23:50,038] INFO - SleepScienceViewer - Signal 8 combo box changed to EEG
[2025-10-12 21:23:50,039] INFO - SleepScienceViewer - Signal 9 combo box changed to AIRFLOW
[2025-10-12 21:23:50,052] INFO - EdfFileClass - plot_signal_segment: parent widget found
[2025-10-12 21:23:50,052] INFO - SleepScienceViewer - Signal 9 combo box changed to AIRFLOW
[2025-10-12 21:23:50,052] INFO - SleepScienceViewer - Signal 10 combo box changed to THOR RES
[2025-10-12 21:23:50,064] INFO - EdfFileClass - plot_signal_segment: parent widget found
[2025-10-12 21:23:50,065] INFO - SleepScienceViewer - Signal 10 combo box changed to THOR RES
[2025-10-12 21:23:50,065] INFO - EdfFileClass - EDF Signal - plot_signal_segment: Signal key is empty. Plotting with a generated signal of zeros.
[2025-10-12 21:23:50,077] INFO - EdfFileClass - plot_signal_segment: parent widget found
[2025-10-12 21:23:50,526] INFO - SleepScienceViewer - Preparing to loading annotation file.
[2025-10-12 21:23:52,282] INFO - root - Initializing SleepStagesClass: epoch30.0, num of stages 1195
[2025-10-12 21:23:52,288] INFO - SleepScienceViewer - Loaded XML: /home/dennis/PycharmProjects/SleepScienceViewer4/Test Data/learn-nsrr02-profusion.xml
[2025-10-12 21:23:52,552] INFO - SleepScienceViewer - Annotation file loaded /home/dennis/PycharmProjects/SleepScienceViewer4/Test Data/learn-nsrr02-profusion.xml
[2025-10-12 21:23:52,552] INFO - SleepScienceViewer - Checking if EDF and Annotation files names are aligned: text distance (10), subset = True, learn-nsrr02, learn-nsrr02-profusion
[2025-10-12 21:23:54,751] INFO - SleepScienceViewer - Opening signal viewer
[2025-10-12 21:23:54,769] INFO - SpectralWindowClass - Preparing setting options
[2025-10-12 21:23:54,773] INFO - SleepScienceViewer - Loading spectral viewer in independent  mode
[2025-10-12 21:26:47,293] INFO - EdfFileClass - Loading complete EDF file: /home/dennis/PycharmProjects/SleepScienceViewer4/Test Data/learn-nsrr02.edf
[2025-10-12 21:26:47,585] INFO - SleepScienceViewer - Loaded EDF: /home/dennis/PycharmProjects/SleepScienceViewer4/Test Data/learn-nsrr02.edf
[2025-10-12 21:26:47,589] INFO - SleepScienceViewer - Signal 1 combo box changed to SaO2
[2025-10-12 21:26:47,607] INFO - EdfFileClass - plot_signal_segment: parent widget found
[2025-10-12 21:26:47,607] INFO - SleepScienceViewer - Signal 1 combo box changed to SaO2
[2025-10-12 21:26:47,607] INFO - SleepScienceViewer - Signal 2 combo box changed to PR
[2025-10-12 21:26:47,621] INFO - EdfFileClass - plot_signal_segment: parent widget found
[2025-10-12 21:26:47,621] INFO - SleepScienceViewer - Signal 2 combo box changed to PR
[2025-10-12 21:26:47,622] INFO - SleepScienceViewer - Signal 3 combo box changed to EEG(sec)
[2025-10-12 21:26:47,634] INFO - EdfFileClass - plot_signal_segment: parent widget found
[2025-10-12 21:26:47,635] INFO - SleepScienceViewer - Signal 3 combo box changed to EEG(sec)
[2025-10-12 21:26:47,635] INFO - SleepScienceViewer - Signal 4 combo box changed to ECG
[2025-10-12 21:26:47,648] INFO - EdfFileClass - plot_signal_segment: parent widget found
[2025-10-12 21:26:47,648] INFO - SleepScienceViewer - Signal 4 combo box changed to ECG
[2025-10-12 21:26:47,648] INFO - SleepScienceViewer - Signal 5 combo box changed to EMG
[2025-10-12 21:26:47,661] INFO - EdfFileClass - plot_signal_segment: parent widget found
[2025-10-12 21:26:47,661] INFO - SleepScienceViewer - Signal 5 combo box changed to EMG
[2025-10-12 21:26:47,661] INFO - SleepScienceViewer - Signal 6 combo box changed to EOG(L)
[2025-10-12 21:26:47,674] INFO - EdfFileClass - plot_signal_segment: parent widget found
[2025-10-12 21:26:47,674] INFO - SleepScienceViewer - Signal 6 combo box changed to EOG(L)
[2025-10-12 21:26:47,674] INFO - SleepScienceViewer - Signal 7 combo box changed to EOG(R)
[2025-10-12 21:26:47,687] INFO - EdfFileClass - plot_signal_segment: parent widget found
[2025-10-12 21:26:47,687] INFO - SleepScienceViewer - Signal 7 combo box changed to EOG(R)
[2025-10-12 21:26:47,687] INFO - SleepScienceViewer - Signal 8 combo box changed to EEG
[2025-10-12 21:26:47,734] INFO - EdfFileClass - plot_signal_segment: parent widget found
[2025-10-12 21:26:47,735] INFO - SleepScienceViewer - Signal 8 combo box changed to EEG
[2025-10-12 21:26:47,735] INFO - SleepScienceViewer - Signal 9 combo box changed to AIRFLOW
[2025-10-12 21:26:47,748] INFO - EdfFileClass - plot_signal_segment: parent widget found
[2025-10-12 21:26:47,748] INFO - SleepScienceViewer - Signal 9 combo box changed to AIRFLOW
[2025-10-12 21:26:47,748] INFO - SleepScienceViewer - Signal 10 combo box changed to THOR RES
[2025-10-12 21:26:47,761] INFO - EdfFileClass - plot_signal_segment: parent widget found
[2025-10-12 21:26:47,761] INFO - SleepScienceViewer - Signal 10 combo box changed to THOR RES
[2025-10-12 21:26:47,761] INFO - EdfFileClass - EDF Signal - plot_signal_segment: Signal key is empty. Plotting with a generated signal of zeros.
[2025-10-12 21:26:47,774] INFO - EdfFileClass - plot_signal_segment: parent widget found
[2025-10-12 21:26:48,639] INFO - SleepScienceViewer - Preparing to loading annotation file.
[2025-10-12 21:26:50,245] INFO - root - Initializing SleepStagesClass: epoch30.0, num of stages 1195
[2025-10-12 21:26:50,261] INFO - SleepScienceViewer - Loaded XML: /home/dennis/PycharmProjects/SleepScienceViewer4/Test Data/learn-nsrr02-profusion.xml
[2025-10-12 21:26:50,524] INFO - SleepScienceViewer - Annotation file loaded /home/dennis/PycharmProjects/SleepScienceViewer4/Test Data/learn-nsrr02-profusion.xml
[2025-10-12 21:26:50,524] INFO - SleepScienceViewer - Checking if EDF and Annotation files names are aligned: text distance (10), subset = True, learn-nsrr02, learn-nsrr02-profusion
[2025-10-12 21:26:53,768] INFO - SleepScienceViewer - Opening signal viewer
[2025-10-12 21:26:53,785] INFO - SpectralWindowClass - Preparing setting options
[2025-10-12 21:26:53,787] INFO - SleepScienceViewer - Loading spectral viewer in independent  mode
[2025-10-12 21:31:45,586] INFO - EdfFileClass - Loading complete EDF file: /home/dennis/PycharmProjects/SleepScienceViewer4/Test Data/learn-nsrr02.edf
[2025-10-12 21:31:45,885] INFO - SleepScienceViewer - Loaded EDF: /home/dennis/PycharmProjects/SleepScienceViewer4/Test Data/learn-nsrr02.edf
[2025-10-12 21:31:45,889] INFO - SleepScienceViewer - Signal 1 combo box changed to SaO2
[2025-10-12 21:31:45,907] INFO - EdfFileClass - plot_signal_segment: parent widget found
[2025-10-12 21:31:45,907] INFO - SleepScienceViewer - Signal 1 combo box changed to SaO2
[2025-10-12 21:31:45,907] INFO - SleepScienceViewer - Signal 2 combo box changed to PR
[2025-10-12 21:31:45,920] INFO - EdfFileClass - plot_signal_segment: parent widget found
[2025-10-12 21:31:45,920] INFO - SleepScienceViewer - Signal 2 combo box changed to PR
[2025-10-12 21:31:45,921] INFO - SleepScienceViewer - Signal 3 combo box changed to EEG(sec)
[2025-10-12 21:31:45,934] INFO - EdfFileClass - plot_signal_segment: parent widget found
[2025-10-12 21:31:45,934] INFO - SleepScienceViewer - Signal 3 combo box changed to EEG(sec)
[2025-10-12 21:31:45,934] INFO - SleepScienceViewer - Signal 4 combo box changed to ECG
[2025-10-12 21:31:45,947] INFO - EdfFileClass - plot_signal_segment: parent widget found
[2025-10-12 21:31:45,948] INFO - SleepScienceViewer - Signal 4 combo box changed to ECG
[2025-10-12 21:31:45,948] INFO - SleepScienceViewer - Signal 5 combo box changed to EMG
[2025-10-12 21:31:45,961] INFO - EdfFileClass - plot_signal_segment: parent widget found
[2025-10-12 21:31:45,961] INFO - SleepScienceViewer - Signal 5 combo box changed to EMG
[2025-10-12 21:31:45,961] INFO - SleepScienceViewer - Signal 6 combo box changed to EOG(L)
[2025-10-12 21:31:45,974] INFO - EdfFileClass - plot_signal_segment: parent widget found
[2025-10-12 21:31:45,974] INFO - SleepScienceViewer - Signal 6 combo box changed to EOG(L)
[2025-10-12 21:31:45,974] INFO - SleepScienceViewer - Signal 7 combo box changed to EOG(R)
[2025-10-12 21:31:45,987] INFO - EdfFileClass - plot_signal_segment: parent widget found
[2025-10-12 21:31:45,988] INFO - SleepScienceViewer - Signal 7 combo box changed to EOG(R)
[2025-10-12 21:31:45,988] INFO - SleepScienceViewer - Signal 8 combo box changed to EEG
[2025-10-12 21:31:46,037] INFO - EdfFileClass - plot_signal_segment: parent widget found
[2025-10-12 21:31:46,037] INFO - SleepScienceViewer - Signal 8 combo box changed to EEG
[2025-10-12 21:31:46,037] INFO - SleepScienceViewer - Signal 9 combo box changed to AIRFLOW
[2025-10-12 21:31:46,051] INFO - EdfFileClass - plot_signal_segment: parent widget found
[2025-10-12 21:31:46,051] INFO - SleepScienceViewer - Signal 9 combo box changed to AIRFLOW
[2025-10-12 21:31:46,051] INFO - SleepScienceViewer - Signal 10 combo box changed to THOR RES
[2025-10-12 21:31:46,064] INFO - EdfFileClass - plot_signal_segment: parent widget found
[2025-10-12 21:31:46,064] INFO - SleepScienceViewer - Signal 10 combo box changed to THOR RES
[2025-10-12 21:31:46,064] INFO - EdfFileClass - EDF Signal - plot_signal_segment: Signal key is empty. Plotting with a generated signal of zeros.
[2025-10-12 21:31:46,077] INFO - EdfFileClass - plot_signal_segment: parent widget found
[2025-10-12 21:31:46,583] INFO - SleepScienceViewer - Preparing to loading annotation file.
[2025-10-12 21:31:48,169] INFO - root - Initializing SleepStagesClass: epoch30.0, num of stages 1195
[2025-10-12 21:31:48,176] INFO - SleepScienceViewer - Loaded XML: /home/dennis/PycharmProjects/SleepScienceViewer4/Test Data/learn-nsrr02-profusion.xml
[2025-10-12 21:31:48,436] INFO - SleepScienceViewer - Annotation file loaded /home/dennis/PycharmProjects/SleepScienceViewer4/Test Data/learn-nsrr02-profusion.xml
[2025-10-12 21:31:48,436] INFO - SleepScienceViewer - Checking if EDF and Annotation files names are aligned: text distance (10), subset = True, learn-nsrr02, learn-nsrr02-profusion
[2025-10-12 21:31:50,671] INFO - SleepScienceViewer - Opening signal viewer
[2025-10-12 21:31:50,689] INFO - SpectralWindowClass - Preparing setting options
[2025-10-12 21:31:50,693] INFO - SleepScienceViewer - Loading spectral viewer in independent  mode
[2025-10-12 21:58:56,400] INFO - EdfFileClass - Loading complete EDF file: /home/dennis/PycharmProjects/SleepScienceViewer4/Test Data/learn-nsrr02.edf
[2025-10-12 21:58:56,696] INFO - SleepScienceViewer - Loaded EDF: /home/dennis/PycharmProjects/SleepScienceViewer4/Test Data/learn-nsrr02.edf
[2025-10-12 21:58:56,700] INFO - SleepScienceViewer - Signal 1 combo box changed to SaO2
[2025-10-12 21:58:56,718] INFO - EdfFileClass - plot_signal_segment: parent widget found
[2025-10-12 21:58:56,718] INFO - SleepScienceViewer - Signal 1 combo box changed to SaO2
[2025-10-12 21:58:56,718] INFO - SleepScienceViewer - Signal 2 combo box changed to PR
[2025-10-12 21:58:56,732] INFO - EdfFileClass - plot_signal_segment: parent widget found
[2025-10-12 21:58:56,733] INFO - SleepScienceViewer - Signal 2 combo box changed to PR
[2025-10-12 21:58:56,733] INFO - SleepScienceViewer - Signal 3 combo box changed to EEG(sec)
[2025-10-12 21:58:56,746] INFO - EdfFileClass - plot_signal_segment: parent widget found
[2025-10-12 21:58:56,746] INFO - SleepScienceViewer - Signal 3 combo box changed to EEG(sec)
[2025-10-12 21:58:56,746] INFO - SleepScienceViewer - Signal 4 combo box changed to ECG
[2025-10-12 21:58:56,760] INFO - EdfFileClass - plot_signal_segment: parent widget found
[2025-10-12 21:58:56,760] INFO - SleepScienceViewer - Signal 4 combo box changed to ECG
[2025-10-12 21:58:56,760] INFO - SleepScienceViewer - Signal 5 combo box changed to EMG
[2025-10-12 21:58:56,773] INFO - EdfFileClass - plot_signal_segment: parent widget found
[2025-10-12 21:58:56,773] INFO - SleepScienceViewer - Signal 5 combo box changed to EMG
[2025-10-12 21:58:56,773] INFO - SleepScienceViewer - Signal 6 combo box changed to EOG(L)
[2025-10-12 21:58:56,786] INFO - EdfFileClass - plot_signal_segment: parent widget found
[2025-10-12 21:58:56,786] INFO - SleepScienceViewer - Signal 6 combo box changed to EOG(L)
[2025-10-12 21:58:56,786] INFO - SleepScienceViewer - Signal 7 combo box changed to EOG(R)
[2025-10-12 21:58:56,799] INFO - EdfFileClass - plot_signal_segment: parent widget found
[2025-10-12 21:58:56,799] INFO - SleepScienceViewer - Signal 7 combo box changed to EOG(R)
[2025-10-12 21:58:56,799] INFO - SleepScienceViewer - Signal 8 combo box changed to EEG
[2025-10-12 21:58:56,848] INFO - EdfFileClass - plot_signal_segment: parent widget found
[2025-10-12 21:58:56,848] INFO - SleepScienceViewer - Signal 8 combo box changed to EEG
[2025-10-12 21:58:56,849] INFO - SleepScienceViewer - Signal 9 combo box changed to AIRFLOW
[2025-10-12 21:58:56,862] INFO - EdfFileClass - plot_signal_segment: parent widget found
[2025-10-12 21:58:56,862] INFO - SleepScienceViewer - Signal 9 combo box changed to AIRFLOW
[2025-10-12 21:58:56,862] INFO - SleepScienceViewer - Signal 10 combo box changed to THOR RES
[2025-10-12 21:58:56,874] INFO - EdfFileClass - plot_signal_segment: parent widget found
[2025-10-12 21:58:56,875] INFO - SleepScienceViewer - Signal 10 combo box changed to THOR RES
[2025-10-12 21:58:56,875] INFO - EdfFileClass - EDF Signal - plot_signal_segment: Signal key is empty. Plotting with a generated signal of zeros.
[2025-10-12 21:58:56,888] INFO - EdfFileClass - plot_signal_segment: parent widget found
[2025-10-12 21:58:57,572] INFO - SleepScienceViewer - Preparing to loading annotation file.
[2025-10-12 21:58:59,052] INFO - root - Initializing SleepStagesClass: epoch30.0, num of stages 1195
[2025-10-12 21:58:59,068] INFO - SleepScienceViewer - Loaded XML: /home/dennis/PycharmProjects/SleepScienceViewer4/Test Data/learn-nsrr02-profusion.xml
[2025-10-12 21:58:59,331] INFO - SleepScienceViewer - Annotation file loaded /home/dennis/PycharmProjects/SleepScienceViewer4/Test Data/learn-nsrr02-profusion.xml
[2025-10-12 21:58:59,331] INFO - SleepScienceViewer - Checking if EDF and Annotation files names are aligned: text distance (10), subset = True, learn-nsrr02, learn-nsrr02-profusion
[2025-10-12 21:59:00,647] INFO - SleepScienceViewer - Opening signal viewer
[2025-10-12 21:59:00,667] INFO - SpectralWindowClass - Preparing setting options
[2025-10-12 21:59:00,671] INFO - SleepScienceViewer - Loading spectral viewer in independent  mode
[2025-10-12 22:04:04,274] INFO - EdfFileClass - Loading complete EDF file: /home/dennis/PycharmProjects/SleepScienceViewer4/Test Data/learn-nsrr02.edf
[2025-10-12 22:04:04,568] INFO - SleepScienceViewer - Loaded EDF: /home/dennis/PycharmProjects/SleepScienceViewer4/Test Data/learn-nsrr02.edf
[2025-10-12 22:04:04,572] INFO - SleepScienceViewer - Signal 1 combo box changed to SaO2
[2025-10-12 22:04:04,590] INFO - EdfFileClass - plot_signal_segment: parent widget found
[2025-10-12 22:04:04,590] INFO - SleepScienceViewer - Signal 1 combo box changed to SaO2
[2025-10-12 22:04:04,590] INFO - SleepScienceViewer - Signal 2 combo box changed to PR
[2025-10-12 22:04:04,603] INFO - EdfFileClass - plot_signal_segment: parent widget found
[2025-10-12 22:04:04,603] INFO - SleepScienceViewer - Signal 2 combo box changed to PR
[2025-10-12 22:04:04,603] INFO - SleepScienceViewer - Signal 3 combo box changed to EEG(sec)
[2025-10-12 22:04:04,616] INFO - EdfFileClass - plot_signal_segment: parent widget found
[2025-10-12 22:04:04,616] INFO - SleepScienceViewer - Signal 3 combo box changed to EEG(sec)
[2025-10-12 22:04:04,616] INFO - SleepScienceViewer - Signal 4 combo box changed to ECG
[2025-10-12 22:04:04,629] INFO - EdfFileClass - plot_signal_segment: parent widget found
[2025-10-12 22:04:04,629] INFO - SleepScienceViewer - Signal 4 combo box changed to ECG
[2025-10-12 22:04:04,630] INFO - SleepScienceViewer - Signal 5 combo box changed to EMG
[2025-10-12 22:04:04,643] INFO - EdfFileClass - plot_signal_segment: parent widget found
[2025-10-12 22:04:04,643] INFO - SleepScienceViewer - Signal 5 combo box changed to EMG
[2025-10-12 22:04:04,643] INFO - SleepScienceViewer - Signal 6 combo box changed to EOG(L)
[2025-10-12 22:04:04,656] INFO - EdfFileClass - plot_signal_segment: parent widget found
[2025-10-12 22:04:04,656] INFO - SleepScienceViewer - Signal 6 combo box changed to EOG(L)
[2025-10-12 22:04:04,656] INFO - SleepScienceViewer - Signal 7 combo box changed to EOG(R)
[2025-10-12 22:04:04,669] INFO - EdfFileClass - plot_signal_segment: parent widget found
[2025-10-12 22:04:04,669] INFO - SleepScienceViewer - Signal 7 combo box changed to EOG(R)
[2025-10-12 22:04:04,669] INFO - SleepScienceViewer - Signal 8 combo box changed to EEG
[2025-10-12 22:04:04,718] INFO - EdfFileClass - plot_signal_segment: parent widget found
[2025-10-12 22:04:04,719] INFO - SleepScienceViewer - Signal 8 combo box changed to EEG
[2025-10-12 22:04:04,719] INFO - SleepScienceViewer - Signal 9 combo box changed to AIRFLOW
[2025-10-12 22:04:04,732] INFO - EdfFileClass - plot_signal_segment: parent widget found
[2025-10-12 22:04:04,732] INFO - SleepScienceViewer - Signal 9 combo box changed to AIRFLOW
[2025-10-12 22:04:04,733] INFO - SleepScienceViewer - Signal 10 combo box changed to THOR RES
[2025-10-12 22:04:04,745] INFO - EdfFileClass - plot_signal_segment: parent widget found
[2025-10-12 22:04:04,745] INFO - SleepScienceViewer - Signal 10 combo box changed to THOR RES
[2025-10-12 22:04:04,745] INFO - EdfFileClass - EDF Signal - plot_signal_segment: Signal key is empty. Plotting with a generated signal of zeros.
[2025-10-12 22:04:04,758] INFO - EdfFileClass - plot_signal_segment: parent widget found
[2025-10-12 22:04:05,372] INFO - SleepScienceViewer - Preparing to loading annotation file.
[2025-10-12 22:04:07,368] INFO - root - Initializing SleepStagesClass: epoch30.0, num of stages 1195
[2025-10-12 22:04:07,374] INFO - SleepScienceViewer - Loaded XML: /home/dennis/PycharmProjects/SleepScienceViewer4/Test Data/learn-nsrr02-profusion.xml
[2025-10-12 22:04:07,640] INFO - SleepScienceViewer - Annotation file loaded /home/dennis/PycharmProjects/SleepScienceViewer4/Test Data/learn-nsrr02-profusion.xml
[2025-10-12 22:04:07,640] INFO - SleepScienceViewer - Checking if EDF and Annotation files names are aligned: text distance (10), subset = True, learn-nsrr02, learn-nsrr02-profusion
[2025-10-12 22:04:10,435] INFO - SleepScienceViewer - Opening signal viewer
[2025-10-12 22:04:10,452] INFO - SpectralWindowClass - Preparing setting options
[2025-10-12 22:04:10,457] INFO - SleepScienceViewer - Loading spectral viewer in independent  mode
[2025-10-12 22:05:05,537] INFO - EdfFileClass - Loading complete EDF file: /home/dennis/PycharmProjects/SleepScienceViewer4/Test Data/learn-nsrr02.edf
[2025-10-12 22:05:05,840] INFO - SleepScienceViewer - Loaded EDF: /home/dennis/PycharmProjects/SleepScienceViewer4/Test Data/learn-nsrr02.edf
[2025-10-12 22:05:05,845] INFO - SleepScienceViewer - Signal 1 combo box changed to SaO2
[2025-10-12 22:05:05,862] INFO - EdfFileClass - plot_signal_segment: parent widget found
[2025-10-12 22:05:05,862] INFO - SleepScienceViewer - Signal 1 combo box changed to SaO2
[2025-10-12 22:05:05,863] INFO - SleepScienceViewer - Signal 2 combo box changed to PR
[2025-10-12 22:05:05,876] INFO - EdfFileClass - plot_signal_segment: parent widget found
[2025-10-12 22:05:05,876] INFO - SleepScienceViewer - Signal 2 combo box changed to PR
[2025-10-12 22:05:05,876] INFO - SleepScienceViewer - Signal 3 combo box changed to EEG(sec)
[2025-10-12 22:05:05,889] INFO - EdfFileClass - plot_signal_segment: parent widget found
[2025-10-12 22:05:05,889] INFO - SleepScienceViewer - Signal 3 combo box changed to EEG(sec)
[2025-10-12 22:05:05,889] INFO - SleepScienceViewer - Signal 4 combo box changed to ECG
[2025-10-12 22:05:05,902] INFO - EdfFileClass - plot_signal_segment: parent widget found
[2025-10-12 22:05:05,902] INFO - SleepScienceViewer - Signal 4 combo box changed to ECG
[2025-10-12 22:05:05,902] INFO - SleepScienceViewer - Signal 5 combo box changed to EMG
[2025-10-12 22:05:05,915] INFO - EdfFileClass - plot_signal_segment: parent widget found
[2025-10-12 22:05:05,915] INFO - SleepScienceViewer - Signal 5 combo box changed to EMG
[2025-10-12 22:05:05,915] INFO - SleepScienceViewer - Signal 6 combo box changed to EOG(L)
[2025-10-12 22:05:05,928] INFO - EdfFileClass - plot_signal_segment: parent widget found
[2025-10-12 22:05:05,928] INFO - SleepScienceViewer - Signal 6 combo box changed to EOG(L)
[2025-10-12 22:05:05,928] INFO - SleepScienceViewer - Signal 7 combo box changed to EOG(R)
[2025-10-12 22:05:05,941] INFO - EdfFileClass - plot_signal_segment: parent widget found
[2025-10-12 22:05:05,941] INFO - SleepScienceViewer - Signal 7 combo box changed to EOG(R)
[2025-10-12 22:05:05,941] INFO - SleepScienceViewer - Signal 8 combo box changed to EEG
[2025-10-12 22:05:05,991] INFO - EdfFileClass - plot_signal_segment: parent widget found
[2025-10-12 22:05:05,992] INFO - SleepScienceViewer - Signal 8 combo box changed to EEG
[2025-10-12 22:05:05,992] INFO - SleepScienceViewer - Signal 9 combo box changed to AIRFLOW
[2025-10-12 22:05:06,005] INFO - EdfFileClass - plot_signal_segment: parent widget found
[2025-10-12 22:05:06,005] INFO - SleepScienceViewer - Signal 9 combo box changed to AIRFLOW
[2025-10-12 22:05:06,005] INFO - SleepScienceViewer - Signal 10 combo box changed to THOR RES
[2025-10-12 22:05:06,018] INFO - EdfFileClass - plot_signal_segment: parent widget found
[2025-10-12 22:05:06,018] INFO - SleepScienceViewer - Signal 10 combo box changed to THOR RES
[2025-10-12 22:05:06,018] INFO - EdfFileClass - EDF Signal - plot_signal_segment: Signal key is empty. Plotting with a generated signal of zeros.
[2025-10-12 22:05:06,031] INFO - EdfFileClass - plot_signal_segment: parent widget found
[2025-10-12 22:05:06,538] INFO - SleepScienceViewer - Preparing to loading annotation file.
[2025-10-12 22:05:08,018] INFO - root - Initializing SleepStagesClass: epoch30.0, num of stages 1195
[2025-10-12 22:05:08,026] INFO - SleepScienceViewer - Loaded XML: /home/dennis/PycharmProjects/SleepScienceViewer4/Test Data/learn-nsrr02-profusion.xml
[2025-10-12 22:05:08,289] INFO - SleepScienceViewer - Annotation file loaded /home/dennis/PycharmProjects/SleepScienceViewer4/Test Data/learn-nsrr02-profusion.xml
[2025-10-12 22:05:08,289] INFO - SleepScienceViewer - Checking if EDF and Annotation files names are aligned: text distance (10), subset = True, learn-nsrr02, learn-nsrr02-profusion
[2025-10-12 22:05:10,188] INFO - SleepScienceViewer - Opening signal viewer
[2025-10-12 22:05:10,209] INFO - SpectralWindowClass - Preparing setting options
[2025-10-12 22:05:10,214] INFO - SleepScienceViewer - Loading spectral viewer in independent  mode
[2025-10-12 22:08:07,268] INFO - EdfFileClass - Loading complete EDF file: /home/dennis/PycharmProjects/SleepScienceViewer4/Test Data/learn-nsrr02.edf
[2025-10-12 22:08:07,614] INFO - SleepScienceViewer - Loaded EDF: /home/dennis/PycharmProjects/SleepScienceViewer4/Test Data/learn-nsrr02.edf
[2025-10-12 22:08:07,619] INFO - SleepScienceViewer - Signal 1 combo box changed to SaO2
[2025-10-12 22:08:07,637] INFO - EdfFileClass - plot_signal_segment: parent widget found
[2025-10-12 22:08:07,637] INFO - SleepScienceViewer - Signal 1 combo box changed to SaO2
[2025-10-12 22:08:07,637] INFO - SleepScienceViewer - Signal 2 combo box changed to PR
[2025-10-12 22:08:07,650] INFO - EdfFileClass - plot_signal_segment: parent widget found
[2025-10-12 22:08:07,651] INFO - SleepScienceViewer - Signal 2 combo box changed to PR
[2025-10-12 22:08:07,651] INFO - SleepScienceViewer - Signal 3 combo box changed to EEG(sec)
[2025-10-12 22:08:07,664] INFO - EdfFileClass - plot_signal_segment: parent widget found
[2025-10-12 22:08:07,664] INFO - SleepScienceViewer - Signal 3 combo box changed to EEG(sec)
[2025-10-12 22:08:07,664] INFO - SleepScienceViewer - Signal 4 combo box changed to ECG
[2025-10-12 22:08:07,677] INFO - EdfFileClass - plot_signal_segment: parent widget found
[2025-10-12 22:08:07,677] INFO - SleepScienceViewer - Signal 4 combo box changed to ECG
[2025-10-12 22:08:07,678] INFO - SleepScienceViewer - Signal 5 combo box changed to EMG
[2025-10-12 22:08:07,690] INFO - EdfFileClass - plot_signal_segment: parent widget found
[2025-10-12 22:08:07,691] INFO - SleepScienceViewer - Signal 5 combo box changed to EMG
[2025-10-12 22:08:07,691] INFO - SleepScienceViewer - Signal 6 combo box changed to EOG(L)
[2025-10-12 22:08:07,704] INFO - EdfFileClass - plot_signal_segment: parent widget found
[2025-10-12 22:08:07,704] INFO - SleepScienceViewer - Signal 6 combo box changed to EOG(L)
[2025-10-12 22:08:07,704] INFO - SleepScienceViewer - Signal 7 combo box changed to EOG(R)
[2025-10-12 22:08:07,716] INFO - EdfFileClass - plot_signal_segment: parent widget found
[2025-10-12 22:08:07,717] INFO - SleepScienceViewer - Signal 7 combo box changed to EOG(R)
[2025-10-12 22:08:07,717] INFO - SleepScienceViewer - Signal 8 combo box changed to EEG
[2025-10-12 22:08:07,767] INFO - EdfFileClass - plot_signal_segment: parent widget found
[2025-10-12 22:08:07,767] INFO - SleepScienceViewer - Signal 8 combo box changed to EEG
[2025-10-12 22:08:07,767] INFO - SleepScienceViewer - Signal 9 combo box changed to AIRFLOW
[2025-10-12 22:08:07,781] INFO - EdfFileClass - plot_signal_segment: parent widget found
[2025-10-12 22:08:07,781] INFO - SleepScienceViewer - Signal 9 combo box changed to AIRFLOW
[2025-10-12 22:08:07,781] INFO - SleepScienceViewer - Signal 10 combo box changed to THOR RES
[2025-10-12 22:08:07,794] INFO - EdfFileClass - plot_signal_segment: parent widget found
[2025-10-12 22:08:07,794] INFO - SleepScienceViewer - Signal 10 combo box changed to THOR RES
[2025-10-12 22:08:07,794] INFO - EdfFileClass - EDF Signal - plot_signal_segment: Signal key is empty. Plotting with a generated signal of zeros.
[2025-10-12 22:08:07,807] INFO - EdfFileClass - plot_signal_segment: parent widget found
[2025-10-12 22:08:08,553] INFO - SleepScienceViewer - Preparing to loading annotation file.
[2025-10-12 22:08:10,317] INFO - root - Initializing SleepStagesClass: epoch30.0, num of stages 1195
[2025-10-12 22:08:10,331] INFO - SleepScienceViewer - Loaded XML: /home/dennis/PycharmProjects/SleepScienceViewer4/Test Data/learn-nsrr02-profusion.xml
[2025-10-12 22:08:10,610] INFO - SleepScienceViewer - Annotation file loaded /home/dennis/PycharmProjects/SleepScienceViewer4/Test Data/learn-nsrr02-profusion.xml
[2025-10-12 22:08:10,610] INFO - SleepScienceViewer - Checking if EDF and Annotation files names are aligned: text distance (10), subset = True, learn-nsrr02, learn-nsrr02-profusion
[2025-10-12 22:08:12,119] INFO - SleepScienceViewer - Opening signal viewer
[2025-10-12 22:08:12,139] INFO - SpectralWindowClass - Preparing setting options
[2025-10-12 22:08:12,143] INFO - SleepScienceViewer - Loading spectral viewer in independent  mode
[2025-10-12 22:11:31,386] INFO - EdfFileClass - Loading complete EDF file: /home/dennis/PycharmProjects/SleepScienceViewer4/Test Data/learn-nsrr02.edf
[2025-10-12 22:11:31,686] INFO - SleepScienceViewer - Loaded EDF: /home/dennis/PycharmProjects/SleepScienceViewer4/Test Data/learn-nsrr02.edf
[2025-10-12 22:11:31,691] INFO - SleepScienceViewer - Signal 1 combo box changed to SaO2
[2025-10-12 22:11:31,708] INFO - EdfFileClass - plot_signal_segment: parent widget found
[2025-10-12 22:11:31,709] INFO - SleepScienceViewer - Signal 1 combo box changed to SaO2
[2025-10-12 22:11:31,709] INFO - SleepScienceViewer - Signal 2 combo box changed to PR
[2025-10-12 22:11:31,722] INFO - EdfFileClass - plot_signal_segment: parent widget found
[2025-10-12 22:11:31,722] INFO - SleepScienceViewer - Signal 2 combo box changed to PR
[2025-10-12 22:11:31,722] INFO - SleepScienceViewer - Signal 3 combo box changed to EEG(sec)
[2025-10-12 22:11:31,735] INFO - EdfFileClass - plot_signal_segment: parent widget found
[2025-10-12 22:11:31,735] INFO - SleepScienceViewer - Signal 3 combo box changed to EEG(sec)
[2025-10-12 22:11:31,735] INFO - SleepScienceViewer - Signal 4 combo box changed to ECG
[2025-10-12 22:11:31,748] INFO - EdfFileClass - plot_signal_segment: parent widget found
[2025-10-12 22:11:31,748] INFO - SleepScienceViewer - Signal 4 combo box changed to ECG
[2025-10-12 22:11:31,748] INFO - SleepScienceViewer - Signal 5 combo box changed to EMG
[2025-10-12 22:11:31,761] INFO - EdfFileClass - plot_signal_segment: parent widget found
[2025-10-12 22:11:31,761] INFO - SleepScienceViewer - Signal 5 combo box changed to EMG
[2025-10-12 22:11:31,762] INFO - SleepScienceViewer - Signal 6 combo box changed to EOG(L)
[2025-10-12 22:11:31,774] INFO - EdfFileClass - plot_signal_segment: parent widget found
[2025-10-12 22:11:31,774] INFO - SleepScienceViewer - Signal 6 combo box changed to EOG(L)
[2025-10-12 22:11:31,774] INFO - SleepScienceViewer - Signal 7 combo box changed to EOG(R)
[2025-10-12 22:11:31,787] INFO - EdfFileClass - plot_signal_segment: parent widget found
[2025-10-12 22:11:31,787] INFO - SleepScienceViewer - Signal 7 combo box changed to EOG(R)
[2025-10-12 22:11:31,787] INFO - SleepScienceViewer - Signal 8 combo box changed to EEG
[2025-10-12 22:11:31,838] INFO - EdfFileClass - plot_signal_segment: parent widget found
[2025-10-12 22:11:31,838] INFO - SleepScienceViewer - Signal 8 combo box changed to EEG
[2025-10-12 22:11:31,839] INFO - SleepScienceViewer - Signal 9 combo box changed to AIRFLOW
[2025-10-12 22:11:31,852] INFO - EdfFileClass - plot_signal_segment: parent widget found
[2025-10-12 22:11:31,852] INFO - SleepScienceViewer - Signal 9 combo box changed to AIRFLOW
[2025-10-12 22:11:31,852] INFO - SleepScienceViewer - Signal 10 combo box changed to THOR RES
[2025-10-12 22:11:31,865] INFO - EdfFileClass - plot_signal_segment: parent widget found
[2025-10-12 22:11:31,865] INFO - SleepScienceViewer - Signal 10 combo box changed to THOR RES
[2025-10-12 22:11:31,865] INFO - EdfFileClass - EDF Signal - plot_signal_segment: Signal key is empty. Plotting with a generated signal of zeros.
[2025-10-12 22:11:31,878] INFO - EdfFileClass - plot_signal_segment: parent widget found
[2025-10-12 22:11:32,973] INFO - SleepScienceViewer - Preparing to loading annotation file.
[2025-10-12 22:11:35,492] INFO - root - Initializing SleepStagesClass: epoch30.0, num of stages 1195
[2025-10-12 22:11:35,498] INFO - SleepScienceViewer - Loaded XML: /home/dennis/PycharmProjects/SleepScienceViewer4/Test Data/learn-nsrr02-profusion.xml
[2025-10-12 22:11:35,768] INFO - SleepScienceViewer - Annotation file loaded /home/dennis/PycharmProjects/SleepScienceViewer4/Test Data/learn-nsrr02-profusion.xml
[2025-10-12 22:11:35,768] INFO - SleepScienceViewer - Checking if EDF and Annotation files names are aligned: text distance (10), subset = True, learn-nsrr02, learn-nsrr02-profusion
[2025-10-12 22:11:37,384] INFO - SleepScienceViewer - Opening signal viewer
[2025-10-12 22:11:37,406] INFO - SpectralWindowClass - Preparing setting options
[2025-10-12 22:11:37,410] INFO - SleepScienceViewer - Loading spectral viewer in independent  mode
[2025-10-12 22:16:03,349] INFO - SleepScienceViewer - Sleep Science Viewer - Close Event
[2025-10-12 22:16:16,996] INFO - EdfFileClass - Loading complete EDF file: /home/dennis/PycharmProjects/SleepScienceViewer4/Test Data/learn-nsrr02.edf
[2025-10-12 22:16:17,287] INFO - SleepScienceViewer - Loaded EDF: /home/dennis/PycharmProjects/SleepScienceViewer4/Test Data/learn-nsrr02.edf
[2025-10-12 22:16:17,291] INFO - SleepScienceViewer - Signal 1 combo box changed to SaO2
[2025-10-12 22:16:17,309] INFO - EdfFileClass - plot_signal_segment: parent widget found
[2025-10-12 22:16:17,310] INFO - SleepScienceViewer - Signal 1 combo box changed to SaO2
[2025-10-12 22:16:17,310] INFO - SleepScienceViewer - Signal 2 combo box changed to PR
[2025-10-12 22:16:17,323] INFO - EdfFileClass - plot_signal_segment: parent widget found
[2025-10-12 22:16:17,323] INFO - SleepScienceViewer - Signal 2 combo box changed to PR
[2025-10-12 22:16:17,323] INFO - SleepScienceViewer - Signal 3 combo box changed to EEG(sec)
[2025-10-12 22:16:17,336] INFO - EdfFileClass - plot_signal_segment: parent widget found
[2025-10-12 22:16:17,336] INFO - SleepScienceViewer - Signal 3 combo box changed to EEG(sec)
[2025-10-12 22:16:17,337] INFO - SleepScienceViewer - Signal 4 combo box changed to ECG
[2025-10-12 22:16:17,350] INFO - EdfFileClass - plot_signal_segment: parent widget found
[2025-10-12 22:16:17,350] INFO - SleepScienceViewer - Signal 4 combo box changed to ECG
[2025-10-12 22:16:17,350] INFO - SleepScienceViewer - Signal 5 combo box changed to EMG
[2025-10-12 22:16:17,363] INFO - EdfFileClass - plot_signal_segment: parent widget found
[2025-10-12 22:16:17,363] INFO - SleepScienceViewer - Signal 5 combo box changed to EMG
[2025-10-12 22:16:17,364] INFO - SleepScienceViewer - Signal 6 combo box changed to EOG(L)
[2025-10-12 22:16:17,376] INFO - EdfFileClass - plot_signal_segment: parent widget found
[2025-10-12 22:16:17,376] INFO - SleepScienceViewer - Signal 6 combo box changed to EOG(L)
[2025-10-12 22:16:17,376] INFO - SleepScienceViewer - Signal 7 combo box changed to EOG(R)
[2025-10-12 22:16:17,389] INFO - EdfFileClass - plot_signal_segment: parent widget found
[2025-10-12 22:16:17,389] INFO - SleepScienceViewer - Signal 7 combo box changed to EOG(R)
[2025-10-12 22:16:17,390] INFO - SleepScienceViewer - Signal 8 combo box changed to EEG
[2025-10-12 22:16:17,439] INFO - EdfFileClass - plot_signal_segment: parent widget found
[2025-10-12 22:16:17,439] INFO - SleepScienceViewer - Signal 8 combo box changed to EEG
[2025-10-12 22:16:17,439] INFO - SleepScienceViewer - Signal 9 combo box changed to AIRFLOW
[2025-10-12 22:16:17,453] INFO - EdfFileClass - plot_signal_segment: parent widget found
[2025-10-12 22:16:17,453] INFO - SleepScienceViewer - Signal 9 combo box changed to AIRFLOW
[2025-10-12 22:16:17,453] INFO - SleepScienceViewer - Signal 10 combo box changed to THOR RES
[2025-10-12 22:16:17,466] INFO - EdfFileClass - plot_signal_segment: parent widget found
[2025-10-12 22:16:17,466] INFO - SleepScienceViewer - Signal 10 combo box changed to THOR RES
[2025-10-12 22:16:17,466] INFO - EdfFileClass - EDF Signal - plot_signal_segment: Signal key is empty. Plotting with a generated signal of zeros.
[2025-10-12 22:16:17,479] INFO - EdfFileClass - plot_signal_segment: parent widget found
[2025-10-12 22:16:17,940] INFO - SleepScienceViewer - Preparing to loading annotation file.
[2025-10-12 22:16:19,841] INFO - root - Initializing SleepStagesClass: epoch30.0, num of stages 1195
[2025-10-12 22:16:19,852] INFO - SleepScienceViewer - Loaded XML: /home/dennis/PycharmProjects/SleepScienceViewer4/Test Data/learn-nsrr02-profusion.xml
[2025-10-12 22:16:20,114] INFO - SleepScienceViewer - Annotation file loaded /home/dennis/PycharmProjects/SleepScienceViewer4/Test Data/learn-nsrr02-profusion.xml
[2025-10-12 22:16:20,114] INFO - SleepScienceViewer - Checking if EDF and Annotation files names are aligned: text distance (10), subset = True, learn-nsrr02, learn-nsrr02-profusion
[2025-10-12 22:16:21,465] INFO - SleepScienceViewer - Opening signal viewer
[2025-10-12 22:16:21,475] INFO - SpectralWindowClass - Preparing setting options
[2025-10-12 22:16:21,477] INFO - SleepScienceViewer - Loading spectral viewer in independent  mode
[2025-10-12 22:18:44,657] INFO - EdfFileClass - Loading complete EDF file: /home/dennis/PycharmProjects/SleepScienceViewer4/Test Data/learn-nsrr02.edf
[2025-10-12 22:18:44,952] INFO - SleepScienceViewer - Loaded EDF: /home/dennis/PycharmProjects/SleepScienceViewer4/Test Data/learn-nsrr02.edf
[2025-10-12 22:18:44,956] INFO - SleepScienceViewer - Signal 1 combo box changed to SaO2
[2025-10-12 22:18:44,974] INFO - EdfFileClass - plot_signal_segment: parent widget found
[2025-10-12 22:18:44,974] INFO - SleepScienceViewer - Signal 1 combo box changed to SaO2
[2025-10-12 22:18:44,974] INFO - SleepScienceViewer - Signal 2 combo box changed to PR
[2025-10-12 22:18:44,988] INFO - EdfFileClass - plot_signal_segment: parent widget found
[2025-10-12 22:18:44,988] INFO - SleepScienceViewer - Signal 2 combo box changed to PR
[2025-10-12 22:18:44,988] INFO - SleepScienceViewer - Signal 3 combo box changed to EEG(sec)
[2025-10-12 22:18:45,001] INFO - EdfFileClass - plot_signal_segment: parent widget found
[2025-10-12 22:18:45,001] INFO - SleepScienceViewer - Signal 3 combo box changed to EEG(sec)
[2025-10-12 22:18:45,001] INFO - SleepScienceViewer - Signal 4 combo box changed to ECG
[2025-10-12 22:18:45,015] INFO - EdfFileClass - plot_signal_segment: parent widget found
[2025-10-12 22:18:45,015] INFO - SleepScienceViewer - Signal 4 combo box changed to ECG
[2025-10-12 22:18:45,015] INFO - SleepScienceViewer - Signal 5 combo box changed to EMG
[2025-10-12 22:18:45,029] INFO - EdfFileClass - plot_signal_segment: parent widget found
[2025-10-12 22:18:45,029] INFO - SleepScienceViewer - Signal 5 combo box changed to EMG
[2025-10-12 22:18:45,029] INFO - SleepScienceViewer - Signal 6 combo box changed to EOG(L)
[2025-10-12 22:18:45,042] INFO - EdfFileClass - plot_signal_segment: parent widget found
[2025-10-12 22:18:45,042] INFO - SleepScienceViewer - Signal 6 combo box changed to EOG(L)
[2025-10-12 22:18:45,042] INFO - SleepScienceViewer - Signal 7 combo box changed to EOG(R)
[2025-10-12 22:18:45,055] INFO - EdfFileClass - plot_signal_segment: parent widget found
[2025-10-12 22:18:45,056] INFO - SleepScienceViewer - Signal 7 combo box changed to EOG(R)
[2025-10-12 22:18:45,056] INFO - SleepScienceViewer - Signal 8 combo box changed to EEG
[2025-10-12 22:18:45,106] INFO - EdfFileClass - plot_signal_segment: parent widget found
[2025-10-12 22:18:45,106] INFO - SleepScienceViewer - Signal 8 combo box changed to EEG
[2025-10-12 22:18:45,106] INFO - SleepScienceViewer - Signal 9 combo box changed to AIRFLOW
[2025-10-12 22:18:45,119] INFO - EdfFileClass - plot_signal_segment: parent widget found
[2025-10-12 22:18:45,120] INFO - SleepScienceViewer - Signal 9 combo box changed to AIRFLOW
[2025-10-12 22:18:45,120] INFO - SleepScienceViewer - Signal 10 combo box changed to THOR RES
[2025-10-12 22:18:45,132] INFO - EdfFileClass - plot_signal_segment: parent widget found
[2025-10-12 22:18:45,133] INFO - SleepScienceViewer - Signal 10 combo box changed to THOR RES
[2025-10-12 22:18:45,133] INFO - EdfFileClass - EDF Signal - plot_signal_segment: Signal key is empty. Plotting with a generated signal of zeros.
[2025-10-12 22:18:45,146] INFO - EdfFileClass - plot_signal_segment: parent widget found
[2025-10-12 22:18:45,830] INFO - SleepScienceViewer - Preparing to loading annotation file.
[2025-10-12 22:18:47,797] INFO - root - Initializing SleepStagesClass: epoch30.0, num of stages 1195
[2025-10-12 22:18:47,804] INFO - SleepScienceViewer - Loaded XML: /home/dennis/PycharmProjects/SleepScienceViewer4/Test Data/learn-nsrr02-profusion.xml
[2025-10-12 22:18:48,084] INFO - SleepScienceViewer - Annotation file loaded /home/dennis/PycharmProjects/SleepScienceViewer4/Test Data/learn-nsrr02-profusion.xml
[2025-10-12 22:18:48,084] INFO - SleepScienceViewer - Checking if EDF and Annotation files names are aligned: text distance (10), subset = True, learn-nsrr02, learn-nsrr02-profusion
[2025-10-12 22:18:49,314] INFO - SleepScienceViewer - Opening signal viewer
[2025-10-12 22:18:49,334] INFO - SpectralWindowClass - Preparing setting options
[2025-10-12 22:18:49,338] INFO - SleepScienceViewer - Loading spectral viewer in independent  mode
[2025-10-12 22:19:45,226] INFO - EdfFileClass - Loading complete EDF file: /home/dennis/PycharmProjects/SleepScienceViewer4/Test Data/learn-nsrr02.edf
[2025-10-12 22:19:45,519] INFO - SleepScienceViewer - Loaded EDF: /home/dennis/PycharmProjects/SleepScienceViewer4/Test Data/learn-nsrr02.edf
[2025-10-12 22:19:45,524] INFO - SleepScienceViewer - Signal 1 combo box changed to SaO2
[2025-10-12 22:19:45,542] INFO - EdfFileClass - plot_signal_segment: parent widget found
[2025-10-12 22:19:45,542] INFO - SleepScienceViewer - Signal 1 combo box changed to SaO2
[2025-10-12 22:19:45,543] INFO - SleepScienceViewer - Signal 2 combo box changed to PR
[2025-10-12 22:19:45,556] INFO - EdfFileClass - plot_signal_segment: parent widget found
[2025-10-12 22:19:45,556] INFO - SleepScienceViewer - Signal 2 combo box changed to PR
[2025-10-12 22:19:45,556] INFO - SleepScienceViewer - Signal 3 combo box changed to EEG(sec)
[2025-10-12 22:19:45,569] INFO - EdfFileClass - plot_signal_segment: parent widget found
[2025-10-12 22:19:45,569] INFO - SleepScienceViewer - Signal 3 combo box changed to EEG(sec)
[2025-10-12 22:19:45,569] INFO - SleepScienceViewer - Signal 4 combo box changed to ECG
[2025-10-12 22:19:45,582] INFO - EdfFileClass - plot_signal_segment: parent widget found
[2025-10-12 22:19:45,582] INFO - SleepScienceViewer - Signal 4 combo box changed to ECG
[2025-10-12 22:19:45,583] INFO - SleepScienceViewer - Signal 5 combo box changed to EMG
[2025-10-12 22:19:45,596] INFO - EdfFileClass - plot_signal_segment: parent widget found
[2025-10-12 22:19:45,596] INFO - SleepScienceViewer - Signal 5 combo box changed to EMG
[2025-10-12 22:19:45,596] INFO - SleepScienceViewer - Signal 6 combo box changed to EOG(L)
[2025-10-12 22:19:45,609] INFO - EdfFileClass - plot_signal_segment: parent widget found
[2025-10-12 22:19:45,609] INFO - SleepScienceViewer - Signal 6 combo box changed to EOG(L)
[2025-10-12 22:19:45,609] INFO - SleepScienceViewer - Signal 7 combo box changed to EOG(R)
[2025-10-12 22:19:45,623] INFO - EdfFileClass - plot_signal_segment: parent widget found
[2025-10-12 22:19:45,623] INFO - SleepScienceViewer - Signal 7 combo box changed to EOG(R)
[2025-10-12 22:19:45,623] INFO - SleepScienceViewer - Signal 8 combo box changed to EEG
[2025-10-12 22:19:45,675] INFO - EdfFileClass - plot_signal_segment: parent widget found
[2025-10-12 22:19:45,675] INFO - SleepScienceViewer - Signal 8 combo box changed to EEG
[2025-10-12 22:19:45,675] INFO - SleepScienceViewer - Signal 9 combo box changed to AIRFLOW
[2025-10-12 22:19:45,688] INFO - EdfFileClass - plot_signal_segment: parent widget found
[2025-10-12 22:19:45,689] INFO - SleepScienceViewer - Signal 9 combo box changed to AIRFLOW
[2025-10-12 22:19:45,689] INFO - SleepScienceViewer - Signal 10 combo box changed to THOR RES
[2025-10-12 22:19:45,701] INFO - EdfFileClass - plot_signal_segment: parent widget found
[2025-10-12 22:19:45,702] INFO - SleepScienceViewer - Signal 10 combo box changed to THOR RES
[2025-10-12 22:19:45,702] INFO - EdfFileClass - EDF Signal - plot_signal_segment: Signal key is empty. Plotting with a generated signal of zeros.
[2025-10-12 22:19:45,715] INFO - EdfFileClass - plot_signal_segment: parent widget found
[2025-10-12 22:19:46,163] INFO - SleepScienceViewer - Preparing to loading annotation file.
[2025-10-12 22:19:47,695] INFO - root - Initializing SleepStagesClass: epoch30.0, num of stages 1195
[2025-10-12 22:19:47,709] INFO - SleepScienceViewer - Loaded XML: /home/dennis/PycharmProjects/SleepScienceViewer4/Test Data/learn-nsrr02-profusion.xml
[2025-10-12 22:19:47,971] INFO - SleepScienceViewer - Annotation file loaded /home/dennis/PycharmProjects/SleepScienceViewer4/Test Data/learn-nsrr02-profusion.xml
[2025-10-12 22:19:47,971] INFO - SleepScienceViewer - Checking if EDF and Annotation files names are aligned: text distance (10), subset = True, learn-nsrr02, learn-nsrr02-profusion
[2025-10-12 22:19:48,946] INFO - SleepScienceViewer - Opening signal viewer
[2025-10-12 22:19:48,964] INFO - SpectralWindowClass - Preparing setting options
[2025-10-12 22:19:48,968] INFO - SleepScienceViewer - Loading spectral viewer in independent  mode
[2025-10-12 22:22:12,102] INFO - EdfFileClass - Loading complete EDF file: /home/dennis/PycharmProjects/SleepScienceViewer4/Test Data/learn-nsrr02.edf
[2025-10-12 22:22:12,402] INFO - SleepScienceViewer - Loaded EDF: /home/dennis/PycharmProjects/SleepScienceViewer4/Test Data/learn-nsrr02.edf
[2025-10-12 22:22:12,406] INFO - SleepScienceViewer - Signal 1 combo box changed to SaO2
[2025-10-12 22:22:12,424] INFO - EdfFileClass - plot_signal_segment: parent widget found
[2025-10-12 22:22:12,425] INFO - SleepScienceViewer - Signal 1 combo box changed to SaO2
[2025-10-12 22:22:12,425] INFO - SleepScienceViewer - Signal 2 combo box changed to PR
[2025-10-12 22:22:12,438] INFO - EdfFileClass - plot_signal_segment: parent widget found
[2025-10-12 22:22:12,438] INFO - SleepScienceViewer - Signal 2 combo box changed to PR
[2025-10-12 22:22:12,438] INFO - SleepScienceViewer - Signal 3 combo box changed to EEG(sec)
[2025-10-12 22:22:12,451] INFO - EdfFileClass - plot_signal_segment: parent widget found
[2025-10-12 22:22:12,452] INFO - SleepScienceViewer - Signal 3 combo box changed to EEG(sec)
[2025-10-12 22:22:12,452] INFO - SleepScienceViewer - Signal 4 combo box changed to ECG
[2025-10-12 22:22:12,464] INFO - EdfFileClass - plot_signal_segment: parent widget found
[2025-10-12 22:22:12,465] INFO - SleepScienceViewer - Signal 4 combo box changed to ECG
[2025-10-12 22:22:12,465] INFO - SleepScienceViewer - Signal 5 combo box changed to EMG
[2025-10-12 22:22:12,478] INFO - EdfFileClass - plot_signal_segment: parent widget found
[2025-10-12 22:22:12,478] INFO - SleepScienceViewer - Signal 5 combo box changed to EMG
[2025-10-12 22:22:12,478] INFO - SleepScienceViewer - Signal 6 combo box changed to EOG(L)
[2025-10-12 22:22:12,490] INFO - EdfFileClass - plot_signal_segment: parent widget found
[2025-10-12 22:22:12,491] INFO - SleepScienceViewer - Signal 6 combo box changed to EOG(L)
[2025-10-12 22:22:12,491] INFO - SleepScienceViewer - Signal 7 combo box changed to EOG(R)
[2025-10-12 22:22:12,503] INFO - EdfFileClass - plot_signal_segment: parent widget found
[2025-10-12 22:22:12,503] INFO - SleepScienceViewer - Signal 7 combo box changed to EOG(R)
[2025-10-12 22:22:12,503] INFO - SleepScienceViewer - Signal 8 combo box changed to EEG
[2025-10-12 22:22:12,553] INFO - EdfFileClass - plot_signal_segment: parent widget found
[2025-10-12 22:22:12,554] INFO - SleepScienceViewer - Signal 8 combo box changed to EEG
[2025-10-12 22:22:12,554] INFO - SleepScienceViewer - Signal 9 combo box changed to AIRFLOW
[2025-10-12 22:22:12,567] INFO - EdfFileClass - plot_signal_segment: parent widget found
[2025-10-12 22:22:12,567] INFO - SleepScienceViewer - Signal 9 combo box changed to AIRFLOW
[2025-10-12 22:22:12,567] INFO - SleepScienceViewer - Signal 10 combo box changed to THOR RES
[2025-10-12 22:22:12,580] INFO - EdfFileClass - plot_signal_segment: parent widget found
[2025-10-12 22:22:12,580] INFO - SleepScienceViewer - Signal 10 combo box changed to THOR RES
[2025-10-12 22:22:12,580] INFO - EdfFileClass - EDF Signal - plot_signal_segment: Signal key is empty. Plotting with a generated signal of zeros.
[2025-10-12 22:22:12,593] INFO - EdfFileClass - plot_signal_segment: parent widget found
[2025-10-12 22:22:14,166] INFO - SleepScienceViewer - Preparing to loading annotation file.
[2025-10-12 22:22:15,738] INFO - root - Initializing SleepStagesClass: epoch30.0, num of stages 1195
[2025-10-12 22:22:15,749] INFO - SleepScienceViewer - Loaded XML: /home/dennis/PycharmProjects/SleepScienceViewer4/Test Data/learn-nsrr02-profusion.xml
[2025-10-12 22:22:16,014] INFO - SleepScienceViewer - Annotation file loaded /home/dennis/PycharmProjects/SleepScienceViewer4/Test Data/learn-nsrr02-profusion.xml
[2025-10-12 22:22:16,014] INFO - SleepScienceViewer - Checking if EDF and Annotation files names are aligned: text distance (10), subset = True, learn-nsrr02, learn-nsrr02-profusion
[2025-10-12 22:22:18,862] INFO - SleepScienceViewer - Opening signal viewer
[2025-10-12 22:22:18,882] INFO - SpectralWindowClass - Preparing setting options
[2025-10-12 22:22:18,886] INFO - SleepScienceViewer - Loading spectral viewer in independent  mode
[2025-10-12 22:23:59,726] INFO - EdfFileClass - Loading complete EDF file: /home/dennis/PycharmProjects/SleepScienceViewer4/Test Data/learn-nsrr02.edf
[2025-10-12 22:24:00,028] INFO - SleepScienceViewer - Loaded EDF: /home/dennis/PycharmProjects/SleepScienceViewer4/Test Data/learn-nsrr02.edf
[2025-10-12 22:24:00,033] INFO - SleepScienceViewer - Signal 1 combo box changed to SaO2
[2025-10-12 22:24:00,050] INFO - EdfFileClass - plot_signal_segment: parent widget found
[2025-10-12 22:24:00,050] INFO - SleepScienceViewer - Signal 1 combo box changed to SaO2
[2025-10-12 22:24:00,051] INFO - SleepScienceViewer - Signal 2 combo box changed to PR
[2025-10-12 22:24:00,063] INFO - EdfFileClass - plot_signal_segment: parent widget found
[2025-10-12 22:24:00,064] INFO - SleepScienceViewer - Signal 2 combo box changed to PR
[2025-10-12 22:24:00,064] INFO - SleepScienceViewer - Signal 3 combo box changed to EEG(sec)
[2025-10-12 22:24:00,076] INFO - EdfFileClass - plot_signal_segment: parent widget found
[2025-10-12 22:24:00,077] INFO - SleepScienceViewer - Signal 3 combo box changed to EEG(sec)
[2025-10-12 22:24:00,077] INFO - SleepScienceViewer - Signal 4 combo box changed to ECG
[2025-10-12 22:24:00,089] INFO - EdfFileClass - plot_signal_segment: parent widget found
[2025-10-12 22:24:00,089] INFO - SleepScienceViewer - Signal 4 combo box changed to ECG
[2025-10-12 22:24:00,089] INFO - SleepScienceViewer - Signal 5 combo box changed to EMG
[2025-10-12 22:24:00,102] INFO - EdfFileClass - plot_signal_segment: parent widget found
[2025-10-12 22:24:00,103] INFO - SleepScienceViewer - Signal 5 combo box changed to EMG
[2025-10-12 22:24:00,103] INFO - SleepScienceViewer - Signal 6 combo box changed to EOG(L)
[2025-10-12 22:24:00,115] INFO - EdfFileClass - plot_signal_segment: parent widget found
[2025-10-12 22:24:00,116] INFO - SleepScienceViewer - Signal 6 combo box changed to EOG(L)
[2025-10-12 22:24:00,116] INFO - SleepScienceViewer - Signal 7 combo box changed to EOG(R)
[2025-10-12 22:24:00,129] INFO - EdfFileClass - plot_signal_segment: parent widget found
[2025-10-12 22:24:00,129] INFO - SleepScienceViewer - Signal 7 combo box changed to EOG(R)
[2025-10-12 22:24:00,129] INFO - SleepScienceViewer - Signal 8 combo box changed to EEG
[2025-10-12 22:24:00,177] INFO - EdfFileClass - plot_signal_segment: parent widget found
[2025-10-12 22:24:00,178] INFO - SleepScienceViewer - Signal 8 combo box changed to EEG
[2025-10-12 22:24:00,178] INFO - SleepScienceViewer - Signal 9 combo box changed to AIRFLOW
[2025-10-12 22:24:00,191] INFO - EdfFileClass - plot_signal_segment: parent widget found
[2025-10-12 22:24:00,191] INFO - SleepScienceViewer - Signal 9 combo box changed to AIRFLOW
[2025-10-12 22:24:00,191] INFO - SleepScienceViewer - Signal 10 combo box changed to THOR RES
[2025-10-12 22:24:00,203] INFO - EdfFileClass - plot_signal_segment: parent widget found
[2025-10-12 22:24:00,204] INFO - SleepScienceViewer - Signal 10 combo box changed to THOR RES
[2025-10-12 22:24:00,204] INFO - EdfFileClass - EDF Signal - plot_signal_segment: Signal key is empty. Plotting with a generated signal of zeros.
[2025-10-12 22:24:00,217] INFO - EdfFileClass - plot_signal_segment: parent widget found
[2025-10-12 22:24:00,812] INFO - SleepScienceViewer - Preparing to loading annotation file.
[2025-10-12 22:24:02,618] INFO - root - Initializing SleepStagesClass: epoch30.0, num of stages 1195
[2025-10-12 22:24:02,627] INFO - SleepScienceViewer - Loaded XML: /home/dennis/PycharmProjects/SleepScienceViewer4/Test Data/learn-nsrr02-profusion.xml
[2025-10-12 22:24:02,888] INFO - SleepScienceViewer - Annotation file loaded /home/dennis/PycharmProjects/SleepScienceViewer4/Test Data/learn-nsrr02-profusion.xml
[2025-10-12 22:24:02,888] INFO - SleepScienceViewer - Checking if EDF and Annotation files names are aligned: text distance (10), subset = True, learn-nsrr02, learn-nsrr02-profusion
[2025-10-12 22:24:08,311] INFO - SleepScienceViewer - Opening signal viewer
[2025-10-12 22:24:08,338] INFO - SpectralWindowClass - Preparing setting options
[2025-10-12 22:24:08,343] INFO - SleepScienceViewer - Loading spectral viewer in independent  mode
[2025-10-12 22:34:32,967] INFO - SleepScienceViewer - Sleep Science Viewer - Close Event
[2025-10-12 23:15:13,343] INFO - EdfFileClass - Loading complete EDF file: /home/dennis/PycharmProjects/SleepScienceViewer4/Test Data/learn-nsrr02.edf
[2025-10-12 23:15:13,645] INFO - SleepScienceViewer - Loaded EDF: /home/dennis/PycharmProjects/SleepScienceViewer4/Test Data/learn-nsrr02.edf
[2025-10-12 23:15:13,649] INFO - SleepScienceViewer - Signal 1 combo box changed to SaO2
[2025-10-12 23:15:13,667] INFO - EdfFileClass - plot_signal_segment: parent widget found
[2025-10-12 23:15:13,667] INFO - SleepScienceViewer - Signal 1 combo box changed to SaO2
[2025-10-12 23:15:13,667] INFO - SleepScienceViewer - Signal 2 combo box changed to PR
[2025-10-12 23:15:13,680] INFO - EdfFileClass - plot_signal_segment: parent widget found
[2025-10-12 23:15:13,680] INFO - SleepScienceViewer - Signal 2 combo box changed to PR
[2025-10-12 23:15:13,680] INFO - SleepScienceViewer - Signal 3 combo box changed to EEG(sec)
[2025-10-12 23:15:13,693] INFO - EdfFileClass - plot_signal_segment: parent widget found
[2025-10-12 23:15:13,693] INFO - SleepScienceViewer - Signal 3 combo box changed to EEG(sec)
[2025-10-12 23:15:13,693] INFO - SleepScienceViewer - Signal 4 combo box changed to ECG
[2025-10-12 23:15:13,706] INFO - EdfFileClass - plot_signal_segment: parent widget found
[2025-10-12 23:15:13,706] INFO - SleepScienceViewer - Signal 4 combo box changed to ECG
[2025-10-12 23:15:13,706] INFO - SleepScienceViewer - Signal 5 combo box changed to EMG
[2025-10-12 23:15:13,719] INFO - EdfFileClass - plot_signal_segment: parent widget found
[2025-10-12 23:15:13,719] INFO - SleepScienceViewer - Signal 5 combo box changed to EMG
[2025-10-12 23:15:13,719] INFO - SleepScienceViewer - Signal 6 combo box changed to EOG(L)
[2025-10-12 23:15:13,732] INFO - EdfFileClass - plot_signal_segment: parent widget found
[2025-10-12 23:15:13,732] INFO - SleepScienceViewer - Signal 6 combo box changed to EOG(L)
[2025-10-12 23:15:13,732] INFO - SleepScienceViewer - Signal 7 combo box changed to EOG(R)
[2025-10-12 23:15:13,745] INFO - EdfFileClass - plot_signal_segment: parent widget found
[2025-10-12 23:15:13,745] INFO - SleepScienceViewer - Signal 7 combo box changed to EOG(R)
[2025-10-12 23:15:13,745] INFO - SleepScienceViewer - Signal 8 combo box changed to EEG
[2025-10-12 23:15:13,794] INFO - EdfFileClass - plot_signal_segment: parent widget found
[2025-10-12 23:15:13,794] INFO - SleepScienceViewer - Signal 8 combo box changed to EEG
[2025-10-12 23:15:13,795] INFO - SleepScienceViewer - Signal 9 combo box changed to AIRFLOW
[2025-10-12 23:15:13,808] INFO - EdfFileClass - plot_signal_segment: parent widget found
[2025-10-12 23:15:13,808] INFO - SleepScienceViewer - Signal 9 combo box changed to AIRFLOW
[2025-10-12 23:15:13,808] INFO - SleepScienceViewer - Signal 10 combo box changed to THOR RES
[2025-10-12 23:15:13,820] INFO - EdfFileClass - plot_signal_segment: parent widget found
[2025-10-12 23:15:13,821] INFO - SleepScienceViewer - Signal 10 combo box changed to THOR RES
[2025-10-12 23:15:13,821] INFO - EdfFileClass - EDF Signal - plot_signal_segment: Signal key is empty. Plotting with a generated signal of zeros.
[2025-10-12 23:15:13,834] INFO - EdfFileClass - plot_signal_segment: parent widget found
[2025-10-12 23:15:14,204] INFO - SleepScienceViewer - Preparing to loading annotation file.
[2025-10-12 23:15:16,279] INFO - root - Initializing SleepStagesClass: epoch30.0, num of stages 1195
[2025-10-12 23:15:16,286] INFO - SleepScienceViewer - Loaded XML: /home/dennis/PycharmProjects/SleepScienceViewer4/Test Data/learn-nsrr02-profusion.xml
[2025-10-12 23:15:16,546] INFO - SleepScienceViewer - Annotation file loaded /home/dennis/PycharmProjects/SleepScienceViewer4/Test Data/learn-nsrr02-profusion.xml
[2025-10-12 23:15:16,546] INFO - SleepScienceViewer - Checking if EDF and Annotation files names are aligned: text distance (10), subset = True, learn-nsrr02, learn-nsrr02-profusion
[2025-10-12 23:15:18,252] INFO - SleepScienceViewer - Opening signal viewer
[2025-10-12 23:15:18,271] INFO - SpectralWindowClass - Preparing setting options
[2025-10-12 23:18:12,638] INFO - EdfFileClass - Loading complete EDF file: /home/dennis/PycharmProjects/SleepScienceViewer4/Test Data/learn-nsrr02.edf
[2025-10-12 23:18:12,928] INFO - SleepScienceViewer - Loaded EDF: /home/dennis/PycharmProjects/SleepScienceViewer4/Test Data/learn-nsrr02.edf
[2025-10-12 23:18:12,933] INFO - SleepScienceViewer - Signal 1 combo box changed to SaO2
[2025-10-12 23:18:12,950] INFO - EdfFileClass - plot_signal_segment: parent widget found
[2025-10-12 23:18:12,951] INFO - SleepScienceViewer - Signal 1 combo box changed to SaO2
[2025-10-12 23:18:12,951] INFO - SleepScienceViewer - Signal 2 combo box changed to PR
[2025-10-12 23:18:12,964] INFO - EdfFileClass - plot_signal_segment: parent widget found
[2025-10-12 23:18:12,964] INFO - SleepScienceViewer - Signal 2 combo box changed to PR
[2025-10-12 23:18:12,964] INFO - SleepScienceViewer - Signal 3 combo box changed to EEG(sec)
[2025-10-12 23:18:12,976] INFO - EdfFileClass - plot_signal_segment: parent widget found
[2025-10-12 23:18:12,977] INFO - SleepScienceViewer - Signal 3 combo box changed to EEG(sec)
[2025-10-12 23:18:12,977] INFO - SleepScienceViewer - Signal 4 combo box changed to ECG
[2025-10-12 23:18:12,990] INFO - EdfFileClass - plot_signal_segment: parent widget found
[2025-10-12 23:18:12,990] INFO - SleepScienceViewer - Signal 4 combo box changed to ECG
[2025-10-12 23:18:12,990] INFO - SleepScienceViewer - Signal 5 combo box changed to EMG
[2025-10-12 23:18:13,004] INFO - EdfFileClass - plot_signal_segment: parent widget found
[2025-10-12 23:18:13,004] INFO - SleepScienceViewer - Signal 5 combo box changed to EMG
[2025-10-12 23:18:13,004] INFO - SleepScienceViewer - Signal 6 combo box changed to EOG(L)
[2025-10-12 23:18:13,017] INFO - EdfFileClass - plot_signal_segment: parent widget found
[2025-10-12 23:18:13,017] INFO - SleepScienceViewer - Signal 6 combo box changed to EOG(L)
[2025-10-12 23:18:13,017] INFO - SleepScienceViewer - Signal 7 combo box changed to EOG(R)
[2025-10-12 23:18:13,030] INFO - EdfFileClass - plot_signal_segment: parent widget found
[2025-10-12 23:18:13,030] INFO - SleepScienceViewer - Signal 7 combo box changed to EOG(R)
[2025-10-12 23:18:13,030] INFO - SleepScienceViewer - Signal 8 combo box changed to EEG
[2025-10-12 23:18:13,081] INFO - EdfFileClass - plot_signal_segment: parent widget found
[2025-10-12 23:18:13,081] INFO - SleepScienceViewer - Signal 8 combo box changed to EEG
[2025-10-12 23:18:13,081] INFO - SleepScienceViewer - Signal 9 combo box changed to AIRFLOW
[2025-10-12 23:18:13,094] INFO - EdfFileClass - plot_signal_segment: parent widget found
[2025-10-12 23:18:13,095] INFO - SleepScienceViewer - Signal 9 combo box changed to AIRFLOW
[2025-10-12 23:18:13,095] INFO - SleepScienceViewer - Signal 10 combo box changed to THOR RES
[2025-10-12 23:18:13,108] INFO - EdfFileClass - plot_signal_segment: parent widget found
[2025-10-12 23:18:13,108] INFO - SleepScienceViewer - Signal 10 combo box changed to THOR RES
[2025-10-12 23:18:13,108] INFO - EdfFileClass - EDF Signal - plot_signal_segment: Signal key is empty. Plotting with a generated signal of zeros.
[2025-10-12 23:18:13,121] INFO - EdfFileClass - plot_signal_segment: parent widget found
[2025-10-12 23:18:13,697] INFO - SleepScienceViewer - Preparing to loading annotation file.
[2025-10-12 23:18:15,318] INFO - root - Initializing SleepStagesClass: epoch30.0, num of stages 1195
[2025-10-12 23:18:15,324] INFO - SleepScienceViewer - Loaded XML: /home/dennis/PycharmProjects/SleepScienceViewer4/Test Data/learn-nsrr02-profusion.xml
[2025-10-12 23:18:15,587] INFO - SleepScienceViewer - Annotation file loaded /home/dennis/PycharmProjects/SleepScienceViewer4/Test Data/learn-nsrr02-profusion.xml
[2025-10-12 23:18:15,587] INFO - SleepScienceViewer - Checking if EDF and Annotation files names are aligned: text distance (10), subset = True, learn-nsrr02, learn-nsrr02-profusion
[2025-10-12 23:18:19,407] INFO - SleepScienceViewer - Opening signal viewer
[2025-10-12 23:18:19,421] INFO - SpectralWindowClass - Preparing setting options
[2025-10-12 23:18:42,960] INFO - EdfFileClass - Loading complete EDF file: /home/dennis/PycharmProjects/SleepScienceViewer4/Test Data/learn-nsrr02.edf
[2025-10-12 23:18:43,262] INFO - SleepScienceViewer - Loaded EDF: /home/dennis/PycharmProjects/SleepScienceViewer4/Test Data/learn-nsrr02.edf
[2025-10-12 23:18:43,266] INFO - SleepScienceViewer - Signal 1 combo box changed to SaO2
[2025-10-12 23:18:43,284] INFO - EdfFileClass - plot_signal_segment: parent widget found
[2025-10-12 23:18:43,284] INFO - SleepScienceViewer - Signal 1 combo box changed to SaO2
[2025-10-12 23:18:43,284] INFO - SleepScienceViewer - Signal 2 combo box changed to PR
[2025-10-12 23:18:43,297] INFO - EdfFileClass - plot_signal_segment: parent widget found
[2025-10-12 23:18:43,298] INFO - SleepScienceViewer - Signal 2 combo box changed to PR
[2025-10-12 23:18:43,298] INFO - SleepScienceViewer - Signal 3 combo box changed to EEG(sec)
[2025-10-12 23:18:43,310] INFO - EdfFileClass - plot_signal_segment: parent widget found
[2025-10-12 23:18:43,310] INFO - SleepScienceViewer - Signal 3 combo box changed to EEG(sec)
[2025-10-12 23:18:43,310] INFO - SleepScienceViewer - Signal 4 combo box changed to ECG
[2025-10-12 23:18:43,323] INFO - EdfFileClass - plot_signal_segment: parent widget found
[2025-10-12 23:18:43,324] INFO - SleepScienceViewer - Signal 4 combo box changed to ECG
[2025-10-12 23:18:43,324] INFO - SleepScienceViewer - Signal 5 combo box changed to EMG
[2025-10-12 23:18:43,337] INFO - EdfFileClass - plot_signal_segment: parent widget found
[2025-10-12 23:18:43,337] INFO - SleepScienceViewer - Signal 5 combo box changed to EMG
[2025-10-12 23:18:43,337] INFO - SleepScienceViewer - Signal 6 combo box changed to EOG(L)
[2025-10-12 23:18:43,350] INFO - EdfFileClass - plot_signal_segment: parent widget found
[2025-10-12 23:18:43,350] INFO - SleepScienceViewer - Signal 6 combo box changed to EOG(L)
[2025-10-12 23:18:43,350] INFO - SleepScienceViewer - Signal 7 combo box changed to EOG(R)
[2025-10-12 23:18:43,363] INFO - EdfFileClass - plot_signal_segment: parent widget found
[2025-10-12 23:18:43,363] INFO - SleepScienceViewer - Signal 7 combo box changed to EOG(R)
[2025-10-12 23:18:43,363] INFO - SleepScienceViewer - Signal 8 combo box changed to EEG
[2025-10-12 23:18:43,414] INFO - EdfFileClass - plot_signal_segment: parent widget found
[2025-10-12 23:18:43,415] INFO - SleepScienceViewer - Signal 8 combo box changed to EEG
[2025-10-12 23:18:43,415] INFO - SleepScienceViewer - Signal 9 combo box changed to AIRFLOW
[2025-10-12 23:18:43,428] INFO - EdfFileClass - plot_signal_segment: parent widget found
[2025-10-12 23:18:43,428] INFO - SleepScienceViewer - Signal 9 combo box changed to AIRFLOW
[2025-10-12 23:18:43,428] INFO - SleepScienceViewer - Signal 10 combo box changed to THOR RES
[2025-10-12 23:18:43,441] INFO - EdfFileClass - plot_signal_segment: parent widget found
[2025-10-12 23:18:43,441] INFO - SleepScienceViewer - Signal 10 combo box changed to THOR RES
[2025-10-12 23:18:43,441] INFO - EdfFileClass - EDF Signal - plot_signal_segment: Signal key is empty. Plotting with a generated signal of zeros.
[2025-10-12 23:18:43,454] INFO - EdfFileClass - plot_signal_segment: parent widget found
[2025-10-12 23:18:44,748] INFO - SleepScienceViewer - Preparing to loading annotation file.
[2025-10-12 23:18:47,225] INFO - root - Initializing SleepStagesClass: epoch30.0, num of stages 1195
[2025-10-12 23:18:47,235] INFO - SleepScienceViewer - Loaded XML: /home/dennis/PycharmProjects/SleepScienceViewer4/Test Data/learn-nsrr02-profusion.xml
[2025-10-12 23:18:47,497] INFO - SleepScienceViewer - Annotation file loaded /home/dennis/PycharmProjects/SleepScienceViewer4/Test Data/learn-nsrr02-profusion.xml
[2025-10-12 23:18:47,497] INFO - SleepScienceViewer - Checking if EDF and Annotation files names are aligned: text distance (10), subset = True, learn-nsrr02, learn-nsrr02-profusion
[2025-10-12 23:18:55,196] INFO - SleepScienceViewer - Opening signal viewer
[2025-10-12 23:18:55,217] INFO - SpectralWindowClass - Preparing setting options
[2025-10-12 23:18:55,222] INFO - SleepScienceViewer - Loading spectral viewer in independent  mode
[2025-10-12 23:35:25,392] INFO - EdfFileClass - Loading complete EDF file: /home/dennis/PycharmProjects/SleepScienceViewer4/Test Data/learn-nsrr02.edf
[2025-10-12 23:35:25,686] INFO - SleepScienceViewer - Loaded EDF: /home/dennis/PycharmProjects/SleepScienceViewer4/Test Data/learn-nsrr02.edf
[2025-10-12 23:35:25,691] INFO - SleepScienceViewer - Signal 1 combo box changed to SaO2
[2025-10-12 23:35:25,708] INFO - EdfFileClass - plot_signal_segment: parent widget found
[2025-10-12 23:35:25,709] INFO - SleepScienceViewer - Signal 1 combo box changed to SaO2
[2025-10-12 23:35:25,709] INFO - SleepScienceViewer - Signal 2 combo box changed to PR
[2025-10-12 23:35:25,722] INFO - EdfFileClass - plot_signal_segment: parent widget found
[2025-10-12 23:35:25,722] INFO - SleepScienceViewer - Signal 2 combo box changed to PR
[2025-10-12 23:35:25,722] INFO - SleepScienceViewer - Signal 3 combo box changed to EEG(sec)
[2025-10-12 23:35:25,734] INFO - EdfFileClass - plot_signal_segment: parent widget found
[2025-10-12 23:35:25,735] INFO - SleepScienceViewer - Signal 3 combo box changed to EEG(sec)
[2025-10-12 23:35:25,735] INFO - SleepScienceViewer - Signal 4 combo box changed to ECG
[2025-10-12 23:35:25,748] INFO - EdfFileClass - plot_signal_segment: parent widget found
[2025-10-12 23:35:25,748] INFO - SleepScienceViewer - Signal 4 combo box changed to ECG
[2025-10-12 23:35:25,748] INFO - SleepScienceViewer - Signal 5 combo box changed to EMG
[2025-10-12 23:35:25,761] INFO - EdfFileClass - plot_signal_segment: parent widget found
[2025-10-12 23:35:25,761] INFO - SleepScienceViewer - Signal 5 combo box changed to EMG
[2025-10-12 23:35:25,761] INFO - SleepScienceViewer - Signal 6 combo box changed to EOG(L)
[2025-10-12 23:35:25,773] INFO - EdfFileClass - plot_signal_segment: parent widget found
[2025-10-12 23:35:25,774] INFO - SleepScienceViewer - Signal 6 combo box changed to EOG(L)
[2025-10-12 23:35:25,774] INFO - SleepScienceViewer - Signal 7 combo box changed to EOG(R)
[2025-10-12 23:35:25,787] INFO - EdfFileClass - plot_signal_segment: parent widget found
[2025-10-12 23:35:25,787] INFO - SleepScienceViewer - Signal 7 combo box changed to EOG(R)
[2025-10-12 23:35:25,787] INFO - SleepScienceViewer - Signal 8 combo box changed to EEG
[2025-10-12 23:35:25,837] INFO - EdfFileClass - plot_signal_segment: parent widget found
[2025-10-12 23:35:25,837] INFO - SleepScienceViewer - Signal 8 combo box changed to EEG
[2025-10-12 23:35:25,837] INFO - SleepScienceViewer - Signal 9 combo box changed to AIRFLOW
[2025-10-12 23:35:25,850] INFO - EdfFileClass - plot_signal_segment: parent widget found
[2025-10-12 23:35:25,851] INFO - SleepScienceViewer - Signal 9 combo box changed to AIRFLOW
[2025-10-12 23:35:25,851] INFO - SleepScienceViewer - Signal 10 combo box changed to THOR RES
[2025-10-12 23:35:25,863] INFO - EdfFileClass - plot_signal_segment: parent widget found
[2025-10-12 23:35:25,863] INFO - SleepScienceViewer - Signal 10 combo box changed to THOR RES
[2025-10-12 23:35:25,863] INFO - EdfFileClass - EDF Signal - plot_signal_segment: Signal key is empty. Plotting with a generated signal of zeros.
[2025-10-12 23:35:25,876] INFO - EdfFileClass - plot_signal_segment: parent widget found
[2025-10-12 23:35:26,592] INFO - SleepScienceViewer - Preparing to loading annotation file.
[2025-10-12 23:35:28,188] INFO - root - Initializing SleepStagesClass: epoch30.0, num of stages 1195
[2025-10-12 23:35:28,198] INFO - SleepScienceViewer - Loaded XML: /home/dennis/PycharmProjects/SleepScienceViewer4/Test Data/learn-nsrr02-profusion.xml
[2025-10-12 23:35:28,468] INFO - SleepScienceViewer - Annotation file loaded /home/dennis/PycharmProjects/SleepScienceViewer4/Test Data/learn-nsrr02-profusion.xml
[2025-10-12 23:35:28,468] INFO - SleepScienceViewer - Checking if EDF and Annotation files names are aligned: text distance (10), subset = True, learn-nsrr02, learn-nsrr02-profusion
[2025-10-12 23:35:31,591] INFO - SleepScienceViewer - Opening signal viewer
[2025-10-12 23:35:31,613] INFO - SpectralWindowClass - Preparing setting options
[2025-10-12 23:36:18,321] INFO - EdfFileClass - Loading complete EDF file: /home/dennis/PycharmProjects/SleepScienceViewer4/Test Data/learn-nsrr02.edf
[2025-10-12 23:36:18,623] INFO - SleepScienceViewer - Loaded EDF: /home/dennis/PycharmProjects/SleepScienceViewer4/Test Data/learn-nsrr02.edf
[2025-10-12 23:36:18,627] INFO - SleepScienceViewer - Signal 1 combo box changed to SaO2
[2025-10-12 23:36:18,645] INFO - EdfFileClass - plot_signal_segment: parent widget found
[2025-10-12 23:36:18,645] INFO - SleepScienceViewer - Signal 1 combo box changed to SaO2
[2025-10-12 23:36:18,645] INFO - SleepScienceViewer - Signal 2 combo box changed to PR
[2025-10-12 23:36:18,659] INFO - EdfFileClass - plot_signal_segment: parent widget found
[2025-10-12 23:36:18,659] INFO - SleepScienceViewer - Signal 2 combo box changed to PR
[2025-10-12 23:36:18,659] INFO - SleepScienceViewer - Signal 3 combo box changed to EEG(sec)
[2025-10-12 23:36:18,672] INFO - EdfFileClass - plot_signal_segment: parent widget found
[2025-10-12 23:36:18,672] INFO - SleepScienceViewer - Signal 3 combo box changed to EEG(sec)
[2025-10-12 23:36:18,672] INFO - SleepScienceViewer - Signal 4 combo box changed to ECG
[2025-10-12 23:36:18,685] INFO - EdfFileClass - plot_signal_segment: parent widget found
[2025-10-12 23:36:18,685] INFO - SleepScienceViewer - Signal 4 combo box changed to ECG
[2025-10-12 23:36:18,685] INFO - SleepScienceViewer - Signal 5 combo box changed to EMG
[2025-10-12 23:36:18,698] INFO - EdfFileClass - plot_signal_segment: parent widget found
[2025-10-12 23:36:18,699] INFO - SleepScienceViewer - Signal 5 combo box changed to EMG
[2025-10-12 23:36:18,699] INFO - SleepScienceViewer - Signal 6 combo box changed to EOG(L)
[2025-10-12 23:36:18,712] INFO - EdfFileClass - plot_signal_segment: parent widget found
[2025-10-12 23:36:18,712] INFO - SleepScienceViewer - Signal 6 combo box changed to EOG(L)
[2025-10-12 23:36:18,712] INFO - SleepScienceViewer - Signal 7 combo box changed to EOG(R)
[2025-10-12 23:36:18,724] INFO - EdfFileClass - plot_signal_segment: parent widget found
[2025-10-12 23:36:18,725] INFO - SleepScienceViewer - Signal 7 combo box changed to EOG(R)
[2025-10-12 23:36:18,725] INFO - SleepScienceViewer - Signal 8 combo box changed to EEG
[2025-10-12 23:36:18,772] INFO - EdfFileClass - plot_signal_segment: parent widget found
[2025-10-12 23:36:18,773] INFO - SleepScienceViewer - Signal 8 combo box changed to EEG
[2025-10-12 23:36:18,773] INFO - SleepScienceViewer - Signal 9 combo box changed to AIRFLOW
[2025-10-12 23:36:18,786] INFO - EdfFileClass - plot_signal_segment: parent widget found
[2025-10-12 23:36:18,786] INFO - SleepScienceViewer - Signal 9 combo box changed to AIRFLOW
[2025-10-12 23:36:18,786] INFO - SleepScienceViewer - Signal 10 combo box changed to THOR RES
[2025-10-12 23:36:18,799] INFO - EdfFileClass - plot_signal_segment: parent widget found
[2025-10-12 23:36:18,799] INFO - SleepScienceViewer - Signal 10 combo box changed to THOR RES
[2025-10-12 23:36:18,799] INFO - EdfFileClass - EDF Signal - plot_signal_segment: Signal key is empty. Plotting with a generated signal of zeros.
[2025-10-12 23:36:18,812] INFO - EdfFileClass - plot_signal_segment: parent widget found
[2025-10-12 23:36:19,474] INFO - SleepScienceViewer - Preparing to loading annotation file.
[2025-10-12 23:36:22,425] INFO - root - Initializing SleepStagesClass: epoch30.0, num of stages 1195
[2025-10-12 23:36:22,437] INFO - SleepScienceViewer - Loaded XML: /home/dennis/PycharmProjects/SleepScienceViewer4/Test Data/learn-nsrr02-profusion.xml
[2025-10-12 23:36:22,700] INFO - SleepScienceViewer - Annotation file loaded /home/dennis/PycharmProjects/SleepScienceViewer4/Test Data/learn-nsrr02-profusion.xml
[2025-10-12 23:36:22,700] INFO - SleepScienceViewer - Checking if EDF and Annotation files names are aligned: text distance (10), subset = True, learn-nsrr02, learn-nsrr02-profusion
[2025-10-12 23:36:27,857] INFO - SleepScienceViewer - Opening signal viewer
[2025-10-12 23:36:27,879] INFO - SpectralWindowClass - Preparing setting options
[2025-10-12 23:36:27,886] INFO - SleepScienceViewer - Loading spectral viewer in independent  mode
[2025-10-12 23:40:40,969] INFO - EdfFileClass - Loading complete EDF file: /home/dennis/PycharmProjects/SleepScienceViewer4/Test Data/learn-nsrr02.edf
[2025-10-12 23:40:41,323] INFO - SleepScienceViewer - Loaded EDF: /home/dennis/PycharmProjects/SleepScienceViewer4/Test Data/learn-nsrr02.edf
[2025-10-12 23:40:41,327] INFO - SleepScienceViewer - Signal 1 combo box changed to SaO2
[2025-10-12 23:40:41,345] INFO - EdfFileClass - plot_signal_segment: parent widget found
[2025-10-12 23:40:41,345] INFO - SleepScienceViewer - Signal 1 combo box changed to SaO2
[2025-10-12 23:40:41,345] INFO - SleepScienceViewer - Signal 2 combo box changed to PR
[2025-10-12 23:40:41,359] INFO - EdfFileClass - plot_signal_segment: parent widget found
[2025-10-12 23:40:41,359] INFO - SleepScienceViewer - Signal 2 combo box changed to PR
[2025-10-12 23:40:41,359] INFO - SleepScienceViewer - Signal 3 combo box changed to EEG(sec)
[2025-10-12 23:40:41,372] INFO - EdfFileClass - plot_signal_segment: parent widget found
[2025-10-12 23:40:41,372] INFO - SleepScienceViewer - Signal 3 combo box changed to EEG(sec)
[2025-10-12 23:40:41,372] INFO - SleepScienceViewer - Signal 4 combo box changed to ECG
[2025-10-12 23:40:41,386] INFO - EdfFileClass - plot_signal_segment: parent widget found
[2025-10-12 23:40:41,386] INFO - SleepScienceViewer - Signal 4 combo box changed to ECG
[2025-10-12 23:40:41,386] INFO - SleepScienceViewer - Signal 5 combo box changed to EMG
[2025-10-12 23:40:41,399] INFO - EdfFileClass - plot_signal_segment: parent widget found
[2025-10-12 23:40:41,399] INFO - SleepScienceViewer - Signal 5 combo box changed to EMG
[2025-10-12 23:40:41,399] INFO - SleepScienceViewer - Signal 6 combo box changed to EOG(L)
[2025-10-12 23:40:41,412] INFO - EdfFileClass - plot_signal_segment: parent widget found
[2025-10-12 23:40:41,412] INFO - SleepScienceViewer - Signal 6 combo box changed to EOG(L)
[2025-10-12 23:40:41,412] INFO - SleepScienceViewer - Signal 7 combo box changed to EOG(R)
[2025-10-12 23:40:41,425] INFO - EdfFileClass - plot_signal_segment: parent widget found
[2025-10-12 23:40:41,425] INFO - SleepScienceViewer - Signal 7 combo box changed to EOG(R)
[2025-10-12 23:40:41,426] INFO - SleepScienceViewer - Signal 8 combo box changed to EEG
[2025-10-12 23:40:41,474] INFO - EdfFileClass - plot_signal_segment: parent widget found
[2025-10-12 23:40:41,474] INFO - SleepScienceViewer - Signal 8 combo box changed to EEG
[2025-10-12 23:40:41,475] INFO - SleepScienceViewer - Signal 9 combo box changed to AIRFLOW
[2025-10-12 23:40:41,488] INFO - EdfFileClass - plot_signal_segment: parent widget found
[2025-10-12 23:40:41,488] INFO - SleepScienceViewer - Signal 9 combo box changed to AIRFLOW
[2025-10-12 23:40:41,488] INFO - SleepScienceViewer - Signal 10 combo box changed to THOR RES
[2025-10-12 23:40:41,501] INFO - EdfFileClass - plot_signal_segment: parent widget found
[2025-10-12 23:40:41,501] INFO - SleepScienceViewer - Signal 10 combo box changed to THOR RES
[2025-10-12 23:40:41,501] INFO - EdfFileClass - EDF Signal - plot_signal_segment: Signal key is empty. Plotting with a generated signal of zeros.
[2025-10-12 23:40:41,514] INFO - EdfFileClass - plot_signal_segment: parent widget found
[2025-10-12 23:40:41,963] INFO - SleepScienceViewer - Preparing to loading annotation file.
[2025-10-12 23:40:43,391] INFO - root - Initializing SleepStagesClass: epoch30.0, num of stages 1195
[2025-10-12 23:40:43,401] INFO - SleepScienceViewer - Loaded XML: /home/dennis/PycharmProjects/SleepScienceViewer4/Test Data/learn-nsrr02-profusion.xml
[2025-10-12 23:40:43,684] INFO - SleepScienceViewer - Annotation file loaded /home/dennis/PycharmProjects/SleepScienceViewer4/Test Data/learn-nsrr02-profusion.xml
[2025-10-12 23:40:43,684] INFO - SleepScienceViewer - Checking if EDF and Annotation files names are aligned: text distance (10), subset = True, learn-nsrr02, learn-nsrr02-profusion
[2025-10-12 23:40:44,857] INFO - SleepScienceViewer - Opening signal viewer
[2025-10-12 23:40:44,876] INFO - SpectralWindowClass - Preparing setting options
[2025-10-12 23:40:44,882] INFO - SleepScienceViewer - Loading spectral viewer in independent  mode
[2025-10-12 23:44:37,258] INFO - SleepScienceViewer - Sleep Science Viewer - Close Event
[2025-10-12 23:44:48,587] INFO - EdfFileClass - Loading complete EDF file: /home/dennis/PycharmProjects/SleepScienceViewer4/Test Data/learn-nsrr02.edf
[2025-10-12 23:44:48,878] INFO - SleepScienceViewer - Loaded EDF: /home/dennis/PycharmProjects/SleepScienceViewer4/Test Data/learn-nsrr02.edf
[2025-10-12 23:44:48,882] INFO - SleepScienceViewer - Signal 1 combo box changed to SaO2
[2025-10-12 23:44:48,900] INFO - EdfFileClass - plot_signal_segment: parent widget found
[2025-10-12 23:44:48,900] INFO - SleepScienceViewer - Signal 1 combo box changed to SaO2
[2025-10-12 23:44:48,900] INFO - SleepScienceViewer - Signal 2 combo box changed to PR
[2025-10-12 23:44:48,913] INFO - EdfFileClass - plot_signal_segment: parent widget found
[2025-10-12 23:44:48,914] INFO - SleepScienceViewer - Signal 2 combo box changed to PR
[2025-10-12 23:44:48,914] INFO - SleepScienceViewer - Signal 3 combo box changed to EEG(sec)
[2025-10-12 23:44:48,926] INFO - EdfFileClass - plot_signal_segment: parent widget found
[2025-10-12 23:44:48,927] INFO - SleepScienceViewer - Signal 3 combo box changed to EEG(sec)
[2025-10-12 23:44:48,927] INFO - SleepScienceViewer - Signal 4 combo box changed to ECG
[2025-10-12 23:44:48,940] INFO - EdfFileClass - plot_signal_segment: parent widget found
[2025-10-12 23:44:48,940] INFO - SleepScienceViewer - Signal 4 combo box changed to ECG
[2025-10-12 23:44:48,940] INFO - SleepScienceViewer - Signal 5 combo box changed to EMG
[2025-10-12 23:44:48,953] INFO - EdfFileClass - plot_signal_segment: parent widget found
[2025-10-12 23:44:48,953] INFO - SleepScienceViewer - Signal 5 combo box changed to EMG
[2025-10-12 23:44:48,953] INFO - SleepScienceViewer - Signal 6 combo box changed to EOG(L)
[2025-10-12 23:44:48,966] INFO - EdfFileClass - plot_signal_segment: parent widget found
[2025-10-12 23:44:48,966] INFO - SleepScienceViewer - Signal 6 combo box changed to EOG(L)
[2025-10-12 23:44:48,966] INFO - SleepScienceViewer - Signal 7 combo box changed to EOG(R)
[2025-10-12 23:44:48,979] INFO - EdfFileClass - plot_signal_segment: parent widget found
[2025-10-12 23:44:48,979] INFO - SleepScienceViewer - Signal 7 combo box changed to EOG(R)
[2025-10-12 23:44:48,979] INFO - SleepScienceViewer - Signal 8 combo box changed to EEG
[2025-10-12 23:44:49,028] INFO - EdfFileClass - plot_signal_segment: parent widget found
[2025-10-12 23:44:49,029] INFO - SleepScienceViewer - Signal 8 combo box changed to EEG
[2025-10-12 23:44:49,029] INFO - SleepScienceViewer - Signal 9 combo box changed to AIRFLOW
[2025-10-12 23:44:49,042] INFO - EdfFileClass - plot_signal_segment: parent widget found
[2025-10-12 23:44:49,042] INFO - SleepScienceViewer - Signal 9 combo box changed to AIRFLOW
[2025-10-12 23:44:49,042] INFO - SleepScienceViewer - Signal 10 combo box changed to THOR RES
[2025-10-12 23:44:49,055] INFO - EdfFileClass - plot_signal_segment: parent widget found
[2025-10-12 23:44:49,055] INFO - SleepScienceViewer - Signal 10 combo box changed to THOR RES
[2025-10-12 23:44:49,055] INFO - EdfFileClass - EDF Signal - plot_signal_segment: Signal key is empty. Plotting with a generated signal of zeros.
[2025-10-12 23:44:49,068] INFO - EdfFileClass - plot_signal_segment: parent widget found
[2025-10-12 23:44:49,478] INFO - SleepScienceViewer - Preparing to loading annotation file.
[2025-10-12 23:44:51,133] INFO - root - Initializing SleepStagesClass: epoch30.0, num of stages 1195
[2025-10-12 23:44:51,139] INFO - SleepScienceViewer - Loaded XML: /home/dennis/PycharmProjects/SleepScienceViewer4/Test Data/learn-nsrr02-profusion.xml
[2025-10-12 23:44:51,401] INFO - SleepScienceViewer - Annotation file loaded /home/dennis/PycharmProjects/SleepScienceViewer4/Test Data/learn-nsrr02-profusion.xml
[2025-10-12 23:44:51,401] INFO - SleepScienceViewer - Checking if EDF and Annotation files names are aligned: text distance (10), subset = True, learn-nsrr02, learn-nsrr02-profusion
[2025-10-12 23:44:52,740] INFO - SleepScienceViewer - Opening signal viewer
[2025-10-12 23:44:52,759] INFO - SpectralWindowClass - Preparing setting options
[2025-10-12 23:48:33,190] INFO - EdfFileClass - Loading complete EDF file: /home/dennis/PycharmProjects/SleepScienceViewer4/Test Data/learn-nsrr02.edf
[2025-10-12 23:48:33,494] INFO - SleepScienceViewer - Loaded EDF: /home/dennis/PycharmProjects/SleepScienceViewer4/Test Data/learn-nsrr02.edf
[2025-10-12 23:48:33,499] INFO - SleepScienceViewer - Signal 1 combo box changed to SaO2
[2025-10-12 23:48:33,517] INFO - EdfFileClass - plot_signal_segment: parent widget found
[2025-10-12 23:48:33,517] INFO - SleepScienceViewer - Signal 1 combo box changed to SaO2
[2025-10-12 23:48:33,517] INFO - SleepScienceViewer - Signal 2 combo box changed to PR
[2025-10-12 23:48:33,530] INFO - EdfFileClass - plot_signal_segment: parent widget found
[2025-10-12 23:48:33,531] INFO - SleepScienceViewer - Signal 2 combo box changed to PR
[2025-10-12 23:48:33,531] INFO - SleepScienceViewer - Signal 3 combo box changed to EEG(sec)
[2025-10-12 23:48:33,544] INFO - EdfFileClass - plot_signal_segment: parent widget found
[2025-10-12 23:48:33,544] INFO - SleepScienceViewer - Signal 3 combo box changed to EEG(sec)
[2025-10-12 23:48:33,544] INFO - SleepScienceViewer - Signal 4 combo box changed to ECG
[2025-10-12 23:48:33,557] INFO - EdfFileClass - plot_signal_segment: parent widget found
[2025-10-12 23:48:33,558] INFO - SleepScienceViewer - Signal 4 combo box changed to ECG
[2025-10-12 23:48:33,558] INFO - SleepScienceViewer - Signal 5 combo box changed to EMG
[2025-10-12 23:48:33,571] INFO - EdfFileClass - plot_signal_segment: parent widget found
[2025-10-12 23:48:33,571] INFO - SleepScienceViewer - Signal 5 combo box changed to EMG
[2025-10-12 23:48:33,571] INFO - SleepScienceViewer - Signal 6 combo box changed to EOG(L)
[2025-10-12 23:48:33,584] INFO - EdfFileClass - plot_signal_segment: parent widget found
[2025-10-12 23:48:33,584] INFO - SleepScienceViewer - Signal 6 combo box changed to EOG(L)
[2025-10-12 23:48:33,584] INFO - SleepScienceViewer - Signal 7 combo box changed to EOG(R)
[2025-10-12 23:48:33,598] INFO - EdfFileClass - plot_signal_segment: parent widget found
[2025-10-12 23:48:33,598] INFO - SleepScienceViewer - Signal 7 combo box changed to EOG(R)
[2025-10-12 23:48:33,598] INFO - SleepScienceViewer - Signal 8 combo box changed to EEG
[2025-10-12 23:48:33,648] INFO - EdfFileClass - plot_signal_segment: parent widget found
[2025-10-12 23:48:33,648] INFO - SleepScienceViewer - Signal 8 combo box changed to EEG
[2025-10-12 23:48:33,648] INFO - SleepScienceViewer - Signal 9 combo box changed to AIRFLOW
[2025-10-12 23:48:33,662] INFO - EdfFileClass - plot_signal_segment: parent widget found
[2025-10-12 23:48:33,662] INFO - SleepScienceViewer - Signal 9 combo box changed to AIRFLOW
[2025-10-12 23:48:33,662] INFO - SleepScienceViewer - Signal 10 combo box changed to THOR RES
[2025-10-12 23:48:33,675] INFO - EdfFileClass - plot_signal_segment: parent widget found
[2025-10-12 23:48:33,675] INFO - SleepScienceViewer - Signal 10 combo box changed to THOR RES
[2025-10-12 23:48:33,675] INFO - EdfFileClass - EDF Signal - plot_signal_segment: Signal key is empty. Plotting with a generated signal of zeros.
[2025-10-12 23:48:33,688] INFO - EdfFileClass - plot_signal_segment: parent widget found
[2025-10-12 23:48:34,460] INFO - SleepScienceViewer - Preparing to loading annotation file.
[2025-10-12 23:48:36,249] INFO - root - Initializing SleepStagesClass: epoch30.0, num of stages 1195
[2025-10-12 23:48:36,264] INFO - SleepScienceViewer - Loaded XML: /home/dennis/PycharmProjects/SleepScienceViewer4/Test Data/learn-nsrr02-profusion.xml
[2025-10-12 23:48:36,527] INFO - SleepScienceViewer - Annotation file loaded /home/dennis/PycharmProjects/SleepScienceViewer4/Test Data/learn-nsrr02-profusion.xml
[2025-10-12 23:48:36,527] INFO - SleepScienceViewer - Checking if EDF and Annotation files names are aligned: text distance (10), subset = True, learn-nsrr02, learn-nsrr02-profusion
[2025-10-12 23:48:38,307] INFO - SleepScienceViewer - Opening signal viewer
[2025-10-12 23:48:38,325] INFO - SpectralWindowClass - Preparing setting options
[2025-10-12 23:48:38,329] INFO - SleepScienceViewer - Loading spectral viewer in independent  mode
